name,email,password,department,year,photo_url
Cheryl Lucas,cheryllucas24it@vetias.ac.in,hiTnWuDS,IT,1st,https://picsum.photos/706/201
Bryan Coffey,bryancoffey22soc@vetias.ac.in,kLl3*[S|,Sociology,3rd,https://dummyimage.com/402x150
Joseph Valdez,josephvaldez23ca@vetias.ac.in,lY1m9m#J,CA,2nd,https://picsum.photos/998/766
Jonathan Garcia,jonathangarcia22bba@vetias.ac.in,Zkh+g/oi,BBA,3rd,https://placekitten.com/1002/562
Maria Williams,mariawilliams24soc@vetias.ac.in,",A@p:wMG",Sociology,1st,https://picsum.photos/482/736
Gregory Simpson,gregorysimpson24ca@vetias.ac.in,qA&&SuNv,CA,1st,https://picsum.photos/366/881
Jamie Jimenez,jamiejimenez24it@vetias.ac.in,EwQ7TwV^,IT,1st,https://placekitten.com/380/868
Colton Cook,coltoncook22aid@vetias.ac.in,}'g%PaYs,AIDS,3rd,https://placekitten.com/790/631
Kelly Crosby,kellycrosby22aid@vetias.ac.in,p3.cr16#,AIDS,3rd,https://placekitten.com/799/636
Zachary Kelley,zacharykelley23bco@vetias.ac.in,dG;L!;I4,BCom,2nd,https://placekitten.com/1008/416
Brian Newman,briannewman22soc@vetias.ac.in,?+MlSf<|,Sociology,3rd,https://picsum.photos/386/706
Kelly Phillips,kellyphillips22ca@vetias.ac.in,"3[4;,1g6",CA,3rd,https://dummyimage.com/869x218
Elijah Wood,elijahwood24soc@vetias.ac.in,H@u+-(|),Sociology,1st,https://placekitten.com/418/512
Sean Brewer,seanbrewer22bba@vetias.ac.in,NcergC$Y,BBA,3rd,https://dummyimage.com/377x879
Jacqueline Ritter,jacquelineritter23bba@vetias.ac.in,jQPcKE_\,BBA,2nd,https://dummyimage.com/345x695
Marissa Conway,marissaconway23it@vetias.ac.in,q]acdR-9,IT,2nd,https://dummyimage.com/997x1008
Jared Estrada,jaredestrada24aid@vetias.ac.in,/6$kTu(n,AIDS,1st,https://picsum.photos/156/150
Matthew Hall PhD,matthewhallphd23aid@vetias.ac.in,G*]_dgyR,AIDS,2nd,https://placekitten.com/156/970
Kelly Miller,kellymiller24bba@vetias.ac.in,iS$<9D%@,BBA,1st,https://dummyimage.com/831x24
Carol Foster,carolfoster23soc@vetias.ac.in,"\)w{3,%o",Sociology,2nd,https://placekitten.com/349/634
Howard White,howardwhite23soc@vetias.ac.in,B\7P'4la,Sociology,2nd,https://placekitten.com/231/31
Andrea Marshall,andreamarshall24aid@vetias.ac.in,"l.""A-}/l",AIDS,1st,https://picsum.photos/707/350
Jeremy Martin,jeremymartin24ca@vetias.ac.in,q_SS2v|9,CA,1st,https://placekitten.com/776/269
Corey Wood,coreywood22it@vetias.ac.in,"@4a""ccc""",IT,3rd,https://placekitten.com/574/774
Lisa Bowers,lisabowers22it@vetias.ac.in,i=I+3*(`,IT,3rd,https://picsum.photos/387/72
Gregory Wilson,gregorywilson23ca@vetias.ac.in,XyzpDDr\,CA,2nd,https://dummyimage.com/128x658
Gary Wilson,garywilson22aid@vetias.ac.in,.co8\p'?,AIDS,3rd,https://dummyimage.com/127x1007
Ralph Contreras,ralphcontreras23it@vetias.ac.in,il<V4ps6,IT,2nd,https://placekitten.com/335/205
Laurie Tate,laurietate22bco@vetias.ac.in,;.bCk#Cd,BCom,3rd,https://placekitten.com/597/258
George Henderson,georgehenderson22aid@vetias.ac.in,Je}To`EI,AIDS,3rd,https://placekitten.com/560/621
Todd Hansen,toddhansen24aid@vetias.ac.in,FTCI4i]q,AIDS,1st,https://picsum.photos/458/893
Mrs. Krista Martinez,mrs.kristamartinez23bco@vetias.ac.in,``o~lpc.,BCom,2nd,https://dummyimage.com/202x994
Jessica Johnson,jessicajohnson22bba@vetias.ac.in,OV+.P*D%,BBA,3rd,https://placekitten.com/517/199
Christopher Pena,christopherpena22ca@vetias.ac.in,V#Gj}L\+,CA,3rd,https://picsum.photos/842/365
Jenny Fox,jennyfox23soc@vetias.ac.in,OHWG}T[:,Sociology,2nd,https://dummyimage.com/787x438
Donna Obrien,donnaobrien24aid@vetias.ac.in,#8>Fp$J*,AIDS,1st,https://picsum.photos/852/664
Katherine Johnson,katherinejohnson23bba@vetias.ac.in,08ec/n]9,BBA,2nd,https://picsum.photos/15/380
Marc Cantu,marccantu22ca@vetias.ac.in,"WZ9L,xdK",CA,3rd,https://dummyimage.com/832x432
Brandon Rodriguez,brandonrodriguez24it@vetias.ac.in,jQ0H?r2@,IT,1st,https://dummyimage.com/181x738
Timothy Walsh,timothywalsh22soc@vetias.ac.in,g16T68pL,Sociology,3rd,https://placekitten.com/364/324
John Smith,johnsmith23it@vetias.ac.in,"z!,Yt4gj",IT,2nd,https://dummyimage.com/646x425
Gary Mayer,garymayer23aid@vetias.ac.in,v__OP\Q#,AIDS,2nd,https://picsum.photos/293/714
Melissa Ward,melissaward24aid@vetias.ac.in,#U|!B&~>,AIDS,1st,https://dummyimage.com/309x623
Barbara Hernandez,barbarahernandez23ca@vetias.ac.in,;N+Qjs_V,CA,2nd,https://dummyimage.com/102x932
Marcus Perry Jr.,marcusperryjr.23bba@vetias.ac.in,h8*TTQL\,BBA,2nd,https://dummyimage.com/936x458
Kyle Leonard,kyleleonard23aid@vetias.ac.in,nXp@+RRE,AIDS,2nd,https://picsum.photos/715/645
Joel Merritt,joelmerritt24aid@vetias.ac.in,{!#'s@}4,AIDS,1st,https://dummyimage.com/715x879
Amy Vang,amyvang23ca@vetias.ac.in,"f,[o-)/_",CA,2nd,https://placekitten.com/195/391
Anthony Smith,anthonysmith23bco@vetias.ac.in,q^-LRJyJ,BCom,2nd,https://picsum.photos/213/563
Kimberly West,kimberlywest24bba@vetias.ac.in,:2+Vu((.,BBA,1st,https://dummyimage.com/935x549
Kayla Blair,kaylablair23it@vetias.ac.in,!mmt$T\J,IT,2nd,https://placekitten.com/487/657
Sheri Rodriguez,sherirodriguez24bba@vetias.ac.in,Hg6`p+a2,BBA,1st,https://picsum.photos/762/439
Thomas Peterson,thomaspeterson23ca@vetias.ac.in,\upDXvb6,CA,2nd,https://placekitten.com/57/1007
Francis Gaines,francisgaines22it@vetias.ac.in,]hv=r96#,IT,3rd,https://dummyimage.com/593x530
John Rose,johnrose24ca@vetias.ac.in,Sb6<OJ0X,CA,1st,https://dummyimage.com/211x117
Angela Hogan,angelahogan22soc@vetias.ac.in,4w~]n8XH,Sociology,3rd,https://dummyimage.com/872x838
Shelley Rodriguez,shelleyrodriguez22ca@vetias.ac.in,h=7K'we),CA,3rd,https://placekitten.com/909/797
Corey Alexander,coreyalexander22it@vetias.ac.in,ZS_`!<h@,IT,3rd,https://placekitten.com/247/867
Andrea Freeman,andreafreeman22ca@vetias.ac.in,]_=0%5it,CA,3rd,https://placekitten.com/318/608
Angela Rojas,angelarojas22ca@vetias.ac.in,K1?}(Rf@,CA,3rd,https://placekitten.com/170/650
Jane Ellison,janeellison22soc@vetias.ac.in,'r=cehD[,Sociology,3rd,https://picsum.photos/640/391
Maria Hall,mariahall23bco@vetias.ac.in,Fe9E2\|t,BCom,2nd,https://picsum.photos/625/200
Erica Nelson,ericanelson23bco@vetias.ac.in,p(~LYkxS,BCom,2nd,https://picsum.photos/5/451
Renee Roth,reneeroth22bco@vetias.ac.in,`Z7[VTbW,BCom,3rd,https://picsum.photos/243/803
George Johnson,georgejohnson24aid@vetias.ac.in,xh}zO0Yw,AIDS,1st,https://placekitten.com/679/995
John Hall II,johnhallii23aid@vetias.ac.in,"Th3,utjf",AIDS,2nd,https://picsum.photos/820/831
Deborah Jones,deborahjones23bco@vetias.ac.in,"_ZAxv""yp",BCom,2nd,https://picsum.photos/68/343
Martin Cain,martincain24bba@vetias.ac.in,BU}UIb04,BBA,1st,https://dummyimage.com/949x799
Lisa Duffy,lisaduffy23ca@vetias.ac.in,?AC>TCc[,CA,2nd,https://placekitten.com/430/170
Donna Hicks,donnahicks23aid@vetias.ac.in,#IFH.>kK,AIDS,2nd,https://placekitten.com/707/4
Crystal Scott,crystalscott22bco@vetias.ac.in,;dp&'-/},BCom,3rd,https://dummyimage.com/562x853
Jerry Meza,jerrymeza24it@vetias.ac.in,"LBr:iv,]",IT,1st,https://picsum.photos/974/305
John Ramirez,johnramirez23bco@vetias.ac.in,R!\vQXLS,BCom,2nd,https://dummyimage.com/909x413
Michael Hood,michaelhood24bba@vetias.ac.in,@$U3+O>@,BBA,1st,https://picsum.photos/500/567
Patricia Howard,patriciahoward23ca@vetias.ac.in,IQ]_k\m{,CA,2nd,https://placekitten.com/916/110
Heather Riggs,heatherriggs23bco@vetias.ac.in,ZCORr8f5,BCom,2nd,https://dummyimage.com/989x731
Teresa Miranda,teresamiranda22aid@vetias.ac.in,Nr%_v.Yr,AIDS,3rd,https://picsum.photos/131/492
Kyle Hayes,kylehayes23bba@vetias.ac.in,R24Z0>eF,BBA,2nd,https://picsum.photos/688/642
Justin Flores,justinflores22bco@vetias.ac.in,;eG)-U1v,BCom,3rd,https://placekitten.com/606/80
Richard Tucker,richardtucker23bco@vetias.ac.in,W-P(fc=D,BCom,2nd,https://dummyimage.com/864x821
Nichole Johnson MD,nicholejohnsonmd23it@vetias.ac.in,&b4;4>ik,IT,2nd,https://placekitten.com/731/21
Mark Griffin,markgriffin24aid@vetias.ac.in,4#^-c\-t,AIDS,1st,https://placekitten.com/969/49
Tammy Myers,tammymyers24bco@vetias.ac.in,>w\Q@0PC,BCom,1st,https://picsum.photos/100/711
Mr. Benjamin Anderson,mr.benjaminanderson23bco@vetias.ac.in,GNUm]5J|,BCom,2nd,https://placekitten.com/505/739
Kimberly Stewart,kimberlystewart24bco@vetias.ac.in,4!@Y)DLD,BCom,1st,https://placekitten.com/153/564
Jessica Walton,jessicawalton24aid@vetias.ac.in,h'wu^dJp,AIDS,1st,https://picsum.photos/79/565
Charles Richards,charlesrichards22bco@vetias.ac.in,",X.DA~T5",BCom,3rd,https://picsum.photos/619/730
Elaine Gill,elainegill23aid@vetias.ac.in,bv]qX9H6,AIDS,2nd,https://dummyimage.com/408x359
Debra Taylor,debrataylor23bco@vetias.ac.in,%=pWY|Qg,BCom,2nd,https://picsum.photos/252/989
Stacy Perry,stacyperry22aid@vetias.ac.in,",:,[ZeZ3",AIDS,3rd,https://dummyimage.com/41x812
Matthew Rojas,matthewrojas22aid@vetias.ac.in,>Dh~Mzqm,AIDS,3rd,https://picsum.photos/388/471
Stephen Luna,stephenluna23ca@vetias.ac.in,"2d7;:zR,",CA,2nd,https://dummyimage.com/420x263
Daniel Thompson,danielthompson23ca@vetias.ac.in,"b""_K;d$H",CA,2nd,https://picsum.photos/974/409
Jason Ali,jasonali24soc@vetias.ac.in,P~F}m2Lm,Sociology,1st,https://picsum.photos/208/828
Jamie Norris,jamienorris23bba@vetias.ac.in,qit?Y&/*,BBA,2nd,https://placekitten.com/962/67
Jasmine Vazquez,jasminevazquez23soc@vetias.ac.in,+B{[}S0a,Sociology,2nd,https://picsum.photos/401/881
Kevin Nelson,kevinnelson24soc@vetias.ac.in,9j+)@NjO,Sociology,1st,https://placekitten.com/895/609
Amy Arnold,amyarnold22soc@vetias.ac.in,"b?4GO,V?",Sociology,3rd,https://dummyimage.com/733x696
Randy Wright,randywright24ca@vetias.ac.in,{fWwxjTw,CA,1st,https://placekitten.com/723/398
Brittney Bates,brittneybates22soc@vetias.ac.in,"i""|o^x^D",Sociology,3rd,https://dummyimage.com/669x543
Brandi Giles,brandigiles23ca@vetias.ac.in,hMzv{*Jm,CA,2nd,https://dummyimage.com/9x47
Jennifer Jordan,jenniferjordan23aid@vetias.ac.in,fe*'FzBG,AIDS,2nd,https://picsum.photos/219/397
Terry Morris,terrymorris23soc@vetias.ac.in,"'(,('0q<",Sociology,2nd,https://placekitten.com/430/1015
Brooke Jones,brookejones23soc@vetias.ac.in,5lm|R}e:,Sociology,2nd,https://dummyimage.com/491x79
Emma Hubbard,emmahubbard24soc@vetias.ac.in,"kz,p-Mxt",Sociology,1st,https://dummyimage.com/465x344
Christina Phillips,christinaphillips24bba@vetias.ac.in,mIH'W6Ab,BBA,1st,https://dummyimage.com/885x170
Amy Wilson,amywilson24it@vetias.ac.in,%$B/9H;@,IT,1st,https://picsum.photos/610/862
Timothy Warren,timothywarren24it@vetias.ac.in,8n?=4?=u,IT,1st,https://dummyimage.com/974x874
Miss Janet Thompson MD,missjanetthompsonmd22bba@vetias.ac.in,'Zxhj3Q2,BBA,3rd,https://placekitten.com/510/488
Hannah Wagner,hannahwagner23ca@vetias.ac.in,AgB@%=~r,CA,2nd,https://picsum.photos/207/234
Amy Jackson,amyjackson23bco@vetias.ac.in,"JV%/Z""C`",BCom,2nd,https://placekitten.com/563/364
Monica Sanchez,monicasanchez22ca@vetias.ac.in,"emw""2%uQ",CA,3rd,https://picsum.photos/189/890
David Hall,davidhall23it@vetias.ac.in,+2XuA=g^,IT,2nd,https://placekitten.com/1022/126
Dr. Jennifer Watts,dr.jenniferwatts23soc@vetias.ac.in,S=[3c/;T,Sociology,2nd,https://placekitten.com/295/640
Kyle Zhang,kylezhang22bba@vetias.ac.in,Co_;J[]G,BBA,3rd,https://picsum.photos/908/485
Daniel Barker,danielbarker22it@vetias.ac.in,TedY^Htg,IT,3rd,https://dummyimage.com/29x443
Timothy Arnold,timothyarnold23bba@vetias.ac.in,d\p7H?}Y,BBA,2nd,https://picsum.photos/277/477
James Baker,jamesbaker24bba@vetias.ac.in,\p'&::Gb,BBA,1st,https://picsum.photos/686/768
Alejandro Rangel,alejandrorangel23soc@vetias.ac.in,'LzN0psB,Sociology,2nd,https://picsum.photos/247/685
James Baker,jamesbaker23it@vetias.ac.in,2F[#}cld,IT,2nd,https://picsum.photos/891/906
Tracy Burns,tracyburns24bba@vetias.ac.in,$_STW@+1,BBA,1st,https://dummyimage.com/709x20
Mia Morris,miamorris24soc@vetias.ac.in,[Wq^[$+F,Sociology,1st,https://picsum.photos/493/137
Eric Ray,ericray22soc@vetias.ac.in,"Jj""DB""O""",Sociology,3rd,https://placekitten.com/934/795
Linda Parker,lindaparker23soc@vetias.ac.in,!oOjaS~w,Sociology,2nd,https://picsum.photos/30/734
Amy Garcia,amygarcia24aid@vetias.ac.in,=*<h]tXn,AIDS,1st,https://placekitten.com/863/843
Tiffany Hunt,tiffanyhunt24bba@vetias.ac.in,5l4X.dlm,BBA,1st,https://dummyimage.com/76x563
Jennifer Rogers,jenniferrogers23aid@vetias.ac.in,<_\X/GD3,AIDS,2nd,https://placekitten.com/515/397
David Smith,davidsmith22bco@vetias.ac.in,@%MN7G@d,BCom,3rd,https://dummyimage.com/783x489
Jasmine Cline,jasminecline24ca@vetias.ac.in,"6.S!YQ,`",CA,1st,https://dummyimage.com/511x746
Kevin Travis,kevintravis24soc@vetias.ac.in,k/o&bxtZ,Sociology,1st,https://placekitten.com/446/871
Hannah Smith,hannahsmith24bco@vetias.ac.in,c-iD.gwP,BCom,1st,https://picsum.photos/866/882
Melanie Brennan,melaniebrennan22soc@vetias.ac.in,"R.WtK""3a",Sociology,3rd,https://placekitten.com/417/377
Courtney Sullivan,courtneysullivan24aid@vetias.ac.in,B`f?`@dg,AIDS,1st,https://dummyimage.com/96x741
Sarah Herring,sarahherring24bco@vetias.ac.in,l8.g9m]Z,BCom,1st,https://picsum.photos/434/836
Nathan Williams,nathanwilliams22ca@vetias.ac.in,F3`aH7}0,CA,3rd,https://dummyimage.com/197x320
Keith Murphy,keithmurphy23soc@vetias.ac.in,.[Yv=l4j,Sociology,2nd,https://placekitten.com/154/602
Amanda Parker,amandaparker24ca@vetias.ac.in,7Tz4MH42,CA,1st,https://dummyimage.com/573x722
Elizabeth Parker,elizabethparker23ca@vetias.ac.in,Aw8s0l!D,CA,2nd,https://dummyimage.com/463x531
Joseph Bates,josephbates24bco@vetias.ac.in,}Vk3=Q_U,BCom,1st,https://placekitten.com/842/213
Samantha Thompson,samanthathompson24aid@vetias.ac.in,",G.nd$|X",AIDS,1st,https://placekitten.com/161/727
Mary Fields,maryfields22bco@vetias.ac.in,h~Z>MoC*,BCom,3rd,https://placekitten.com/797/838
Jennifer Estrada,jenniferestrada24aid@vetias.ac.in,Z6UQg]gF,AIDS,1st,https://dummyimage.com/511x192
Melanie Sellers,melaniesellers23soc@vetias.ac.in,2rx6`KKi,Sociology,2nd,https://picsum.photos/327/733
Dawn Romero,dawnromero23it@vetias.ac.in,))JvIevU,IT,2nd,https://placekitten.com/246/813
Evelyn Medina,evelynmedina22aid@vetias.ac.in,Kgb7]m`[,AIDS,3rd,https://placekitten.com/66/775
Emily Bradford,emilybradford22soc@vetias.ac.in,f3F_V^%/,Sociology,3rd,https://placekitten.com/150/125
Kathleen Henry,kathleenhenry24aid@vetias.ac.in,/B@*^J-J,AIDS,1st,https://dummyimage.com/715x220
Shelly Wheeler,shellywheeler23aid@vetias.ac.in,p{tJ)-R<,AIDS,2nd,https://placekitten.com/124/367
Jason Mendez,jasonmendez22aid@vetias.ac.in,gv[V7NjC,AIDS,3rd,https://picsum.photos/1012/927
Nancy Ware,nancyware23bco@vetias.ac.in,^NY1*jax,BCom,2nd,https://picsum.photos/330/339
Mrs. Kelly Bass,mrs.kellybass22it@vetias.ac.in,/1D?(^&M,IT,3rd,https://placekitten.com/602/864
Robert Wallace,robertwallace23bco@vetias.ac.in,pg!zIAvh,BCom,2nd,https://dummyimage.com/699x537
Rhonda Rogers,rhondarogers23soc@vetias.ac.in,^]k(Wmc<,Sociology,2nd,https://placekitten.com/1011/270
Julie Dixon,juliedixon23bco@vetias.ac.in,G')`n^!>,BCom,2nd,https://placekitten.com/139/45
Kim Perez,kimperez24it@vetias.ac.in,>:SeBtsK,IT,1st,https://placekitten.com/357/533
Ryan Vazquez,ryanvazquez23ca@vetias.ac.in,8;G/5%24,CA,2nd,https://placekitten.com/474/928
Charles Ramos,charlesramos23bba@vetias.ac.in,"{*6C]Y""3",BBA,2nd,https://placekitten.com/66/125
Ashley Ferguson,ashleyferguson23ca@vetias.ac.in,TFL=u^<+,CA,2nd,https://dummyimage.com/361x552
Tara Wells,tarawells23bco@vetias.ac.in,i/{V[F-$,BCom,2nd,https://placekitten.com/242/733
Cassandra Howell,cassandrahowell22aid@vetias.ac.in,*E[XK_SG,AIDS,3rd,https://placekitten.com/561/477
Veronica May,veronicamay22bba@vetias.ac.in,}%gX$Jq+,BBA,3rd,https://placekitten.com/620/917
Katie Bolton,katiebolton23aid@vetias.ac.in,2/|{i~B\,AIDS,2nd,https://picsum.photos/208/92
Steven Johnson,stevenjohnson22aid@vetias.ac.in,O%vtk'!>,AIDS,3rd,https://placekitten.com/794/226
Teresa Young,teresayoung24ca@vetias.ac.in,ol:AOsJ],CA,1st,https://placekitten.com/903/263
Amanda Howell,amandahowell24bba@vetias.ac.in,GNuUbN8(,BBA,1st,https://placekitten.com/523/237
Gabrielle Cox,gabriellecox22bba@vetias.ac.in,e~YCVy31,BBA,3rd,https://picsum.photos/937/135
Lisa Frazier,lisafrazier22bco@vetias.ac.in,"'~Ho""/9j",BCom,3rd,https://picsum.photos/185/646
Megan Sutton DDS,megansuttondds23soc@vetias.ac.in,F'{9oP(},Sociology,2nd,https://picsum.photos/619/920
John Mayo,johnmayo22ca@vetias.ac.in,IKFpu(8s,CA,3rd,https://placekitten.com/95/599
Douglas Curtis MD,douglascurtismd24ca@vetias.ac.in,Su!0e<7F,CA,1st,https://picsum.photos/18/603
Justin Gibbs,justingibbs23aid@vetias.ac.in,\RGd.kWr,AIDS,2nd,https://picsum.photos/343/532
Richard Parrish,richardparrish22ca@vetias.ac.in,_p'g9It3,CA,3rd,https://dummyimage.com/626x40
Casey Torres,caseytorres23it@vetias.ac.in,".u')],dn",IT,2nd,https://dummyimage.com/272x742
Richard Johnson,richardjohnson22soc@vetias.ac.in,~yh*hUj7,Sociology,3rd,https://dummyimage.com/810x493
Michelle Garner,michellegarner22aid@vetias.ac.in,4om#Oe_X,AIDS,3rd,https://picsum.photos/900/1001
Rebecca Holloway,rebeccaholloway22soc@vetias.ac.in,"c,b`(>x\",Sociology,3rd,https://dummyimage.com/153x820
Stephanie Harvey,stephanieharvey22ca@vetias.ac.in,z1]g9)D_,CA,3rd,https://placekitten.com/971/441
Daniel Roberts,danielroberts23bco@vetias.ac.in,.&c)qNzo,BCom,2nd,https://picsum.photos/476/631
Jason Howell,jasonhowell23aid@vetias.ac.in,(j5-}*5j,AIDS,2nd,https://placekitten.com/7/19
Wayne Kelly,waynekelly24it@vetias.ac.in,Zx1{Q=hF,IT,1st,https://placekitten.com/433/404
Christopher Ramos,christopherramos24bba@vetias.ac.in,/kl#\[-U,BBA,1st,https://picsum.photos/437/894
Gregory Cannon,gregorycannon23bba@vetias.ac.in,"%J)[,!g6",BBA,2nd,https://placekitten.com/314/430
Molly Kennedy,mollykennedy22bba@vetias.ac.in,a%HipNgA,BBA,3rd,https://dummyimage.com/435x757
Janice Montes DVM,janicemontesdvm22bco@vetias.ac.in,Oq`2Qx}t,BCom,3rd,https://picsum.photos/674/223
Justin Silva,justinsilva23bba@vetias.ac.in,vB;wlz;a,BBA,2nd,https://placekitten.com/539/591
Julia Figueroa,juliafigueroa22it@vetias.ac.in,BE+troK9,IT,3rd,https://dummyimage.com/187x145
John Rosales,johnrosales24aid@vetias.ac.in,UNn`n(BX,AIDS,1st,https://placekitten.com/59/221
Jessica Johnson,jessicajohnson24soc@vetias.ac.in,GkpWrgi`,Sociology,1st,https://placekitten.com/929/518
Amanda Finley,amandafinley22bba@vetias.ac.in,Y1Ab:_@$,BBA,3rd,https://dummyimage.com/157x828
Susan Long,susanlong22it@vetias.ac.in,Z230q+1`,IT,3rd,https://placekitten.com/598/76
Jennifer Thornton,jenniferthornton22bba@vetias.ac.in,TGzpl(I~,BBA,3rd,https://placekitten.com/773/888
James Castro,jamescastro24ca@vetias.ac.in,"^y&:p,h2",CA,1st,https://dummyimage.com/81x512
Julie Mercado,juliemercado22bco@vetias.ac.in,",FoUR\R1",BCom,3rd,https://dummyimage.com/116x115
Barbara Arnold,barbaraarnold22bco@vetias.ac.in,j@O~I!U&,BCom,3rd,https://dummyimage.com/872x294
Michelle Gutierrez,michellegutierrez24aid@vetias.ac.in,"M(/ma|9""",AIDS,1st,https://dummyimage.com/208x888
Austin Davis,austindavis22ca@vetias.ac.in,"A2t)_`""b",CA,3rd,https://dummyimage.com/99x203
Mr. Robert Myers DDS,mr.robertmyersdds23bba@vetias.ac.in,"""k#E8Hj1",BBA,2nd,https://picsum.photos/566/488
Lisa Phillips,lisaphillips22it@vetias.ac.in,XGe!mB/(,IT,3rd,https://picsum.photos/186/981
Jonathan Walker,jonathanwalker24aid@vetias.ac.in,O|-?n/65,AIDS,1st,https://placekitten.com/54/692
Jeffrey Sharp,jeffreysharp23bco@vetias.ac.in,mVf{4Acy,BCom,2nd,https://picsum.photos/364/154
Lonnie Moreno,lonniemoreno24aid@vetias.ac.in,E~%4*(L?,AIDS,1st,https://dummyimage.com/871x601
Stephanie Johnson,stephaniejohnson24aid@vetias.ac.in,zzW9+}2r,AIDS,1st,https://picsum.photos/659/357
Jennifer Miller,jennifermiller24it@vetias.ac.in,\lq\ZyNG,IT,1st,https://dummyimage.com/772x392
Rebecca Harmon,rebeccaharmon22bco@vetias.ac.in,"+3*N""?|@",BCom,3rd,https://picsum.photos/245/975
Veronica James,veronicajames22it@vetias.ac.in,'mHTIoN1,IT,3rd,https://picsum.photos/610/42
Thomas Simpson,thomassimpson24aid@vetias.ac.in,"t""uDF~y[",AIDS,1st,https://dummyimage.com/442x776
Gregg Peters,greggpeters24aid@vetias.ac.in,qSY/No+T,AIDS,1st,https://dummyimage.com/805x619
Isabel Meza,isabelmeza22bba@vetias.ac.in,UAP]P2v0,BBA,3rd,https://dummyimage.com/464x585
Lauren Thomas,laurenthomas22bba@vetias.ac.in,-Zp5+GP_,BBA,3rd,https://picsum.photos/330/26
Jacqueline Johnson,jacquelinejohnson23it@vetias.ac.in,e1j[P[HI,IT,2nd,https://dummyimage.com/703x508
Jesse Gordon,jessegordon24bba@vetias.ac.in,pDXYU2;S,BBA,1st,https://dummyimage.com/358x796
Allison Waters,allisonwaters23aid@vetias.ac.in,4N/}rB5k,AIDS,2nd,https://dummyimage.com/321x293
Thomas Kemp,thomaskemp23bba@vetias.ac.in,@)OhflV],BBA,2nd,https://dummyimage.com/670x777
Timothy Grimes,timothygrimes24soc@vetias.ac.in,4L\}BIxa,Sociology,1st,https://picsum.photos/771/584
Thomas Galloway,thomasgalloway24ca@vetias.ac.in,"u1,B^X#:",CA,1st,https://placekitten.com/168/56
Todd Jones,toddjones23aid@vetias.ac.in,LINAj4VG,AIDS,2nd,https://dummyimage.com/742x445
Nathaniel Franklin,nathanielfranklin23it@vetias.ac.in,OTgD%WRf,IT,2nd,https://placekitten.com/432/937
Tina Clay,tinaclay23bba@vetias.ac.in,!E|8LL[_,BBA,2nd,https://placekitten.com/643/10
Samantha Wood,samanthawood22ca@vetias.ac.in,xG23./*',CA,3rd,https://picsum.photos/424/981
Veronica Lewis,veronicalewis24bba@vetias.ac.in,DIrnL1k7,BBA,1st,https://placekitten.com/727/576
Lauren Miller,laurenmiller23ca@vetias.ac.in,U0U(3${i,CA,2nd,https://dummyimage.com/789x583
Paula Jones,paulajones24bba@vetias.ac.in,jA]n7bBg,BBA,1st,https://placekitten.com/920/275
David Singh,davidsingh23bba@vetias.ac.in,"+t""#:I&.",BBA,2nd,https://dummyimage.com/552x793
Ricardo Escobar,ricardoescobar22soc@vetias.ac.in,gJ?gBR1G,Sociology,3rd,https://picsum.photos/113/788
Rebecca Stewart,rebeccastewart23soc@vetias.ac.in,i>HwPopQ,Sociology,2nd,https://placekitten.com/560/8
Patrick Jackson,patrickjackson22bco@vetias.ac.in,zhE[FYSK,BCom,3rd,https://placekitten.com/802/759
Nicholas Garner,nicholasgarner23aid@vetias.ac.in,y128M`/:,AIDS,2nd,https://dummyimage.com/204x968
Jason Clayton,jasonclayton24soc@vetias.ac.in,>(&.P/zL,Sociology,1st,https://picsum.photos/754/749
Brent Harris,brentharris23bco@vetias.ac.in,@d-o3?jC,BCom,2nd,https://placekitten.com/236/280
Sean Crawford,seancrawford24ca@vetias.ac.in,@HQli2z*,CA,1st,https://picsum.photos/659/29
Paul Moore,paulmoore24aid@vetias.ac.in,Bg2h3ZcP,AIDS,1st,https://placekitten.com/480/595
Theresa Collins,theresacollins22it@vetias.ac.in,i8g4&m(@,IT,3rd,https://dummyimage.com/483x615
Kimberly Russo,kimberlyrusso22aid@vetias.ac.in,O#r<K~!m,AIDS,3rd,https://dummyimage.com/375x671
Martin Torres,martintorres24bba@vetias.ac.in,d]%Rjlfr,BBA,1st,https://dummyimage.com/748x792
Corey Morris,coreymorris23bco@vetias.ac.in,dU\^P2._,BCom,2nd,https://dummyimage.com/317x817
Robin Bennett,robinbennett24aid@vetias.ac.in,&|X!Bb7x,AIDS,1st,https://placekitten.com/695/854
Alexander Jackson,alexanderjackson22it@vetias.ac.in,Q`.u:$M`,IT,3rd,https://dummyimage.com/872x474
Deborah Wilson,deborahwilson23aid@vetias.ac.in,&#O:czl),AIDS,2nd,https://placekitten.com/645/1015
Angel Stevens,angelstevens23ca@vetias.ac.in,"4B,Eth{b",CA,2nd,https://dummyimage.com/336x942
Jessica Harris,jessicaharris22bco@vetias.ac.in,6~Dvh^k-,BCom,3rd,https://placekitten.com/618/296
Lindsey Fry,lindseyfry24aid@vetias.ac.in,5;5SSEyX,AIDS,1st,https://picsum.photos/233/447
Melissa Black,melissablack24soc@vetias.ac.in,DC?2bKJ$,Sociology,1st,https://placekitten.com/545/351
Megan Cole,megancole24aid@vetias.ac.in,f(8N@3^t,AIDS,1st,https://dummyimage.com/89x294
Tyler Green,tylergreen23it@vetias.ac.in,Hq!z+#/8,IT,2nd,https://picsum.photos/42/1012
Cheryl Whitaker,cherylwhitaker24it@vetias.ac.in,E&A*z`#k,IT,1st,https://placekitten.com/835/124
Crystal Fletcher,crystalfletcher22soc@vetias.ac.in,%\LGd|.],Sociology,3rd,https://dummyimage.com/245x454
Chad Miller,chadmiller23bba@vetias.ac.in,"i}n,E=+3",BBA,2nd,https://picsum.photos/683/604
Patricia Stevens,patriciastevens22aid@vetias.ac.in,Be6Z9/U5,AIDS,3rd,https://placekitten.com/232/741
Michael Patterson,michaelpatterson23aid@vetias.ac.in,N:CfC`gX,AIDS,2nd,https://dummyimage.com/115x760
Lori Cruz,loricruz23bco@vetias.ac.in,'9//KOu<,BCom,2nd,https://picsum.photos/815/995
Colton Bates,coltonbates23ca@vetias.ac.in,"F0)u,;8I",CA,2nd,https://placekitten.com/580/472
Robert Martin,robertmartin24it@vetias.ac.in,$hCfq?=Q,IT,1st,https://picsum.photos/527/40
Jennifer Flynn,jenniferflynn22soc@vetias.ac.in,"x],|Q5""$",Sociology,3rd,https://dummyimage.com/259x428
Matthew Gomez,matthewgomez23it@vetias.ac.in,udio9DP6,IT,2nd,https://placekitten.com/943/268
Miguel Vasquez,miguelvasquez23soc@vetias.ac.in,=%ejz%A$,Sociology,2nd,https://dummyimage.com/506x328
Maurice Peterson,mauricepeterson24bco@vetias.ac.in,so#|!U7',BCom,1st,https://dummyimage.com/373x58
Robert Allen,robertallen22soc@vetias.ac.in,at0fH`?Y,Sociology,3rd,https://dummyimage.com/972x839
Jaime Riddle,jaimeriddle23soc@vetias.ac.in,Hkdkb\@q,Sociology,2nd,https://dummyimage.com/32x185
Vincent Martinez,vincentmartinez23it@vetias.ac.in,&@2ls>]M,IT,2nd,https://placekitten.com/349/644
Gregory Roberts,gregoryroberts23soc@vetias.ac.in,zoE*dfn/,Sociology,2nd,https://placekitten.com/481/318
Adrian Williams,adrianwilliams23bco@vetias.ac.in,VV].H~*_,BCom,2nd,https://dummyimage.com/333x698
Charles Baker,charlesbaker23ca@vetias.ac.in,h>HQbVX`,CA,2nd,https://dummyimage.com/979x466
David Cabrera,davidcabrera23bco@vetias.ac.in,<5&iBq!~,BCom,2nd,https://dummyimage.com/852x639
Emily James,emilyjames22soc@vetias.ac.in,+u\!X|s*,Sociology,3rd,https://dummyimage.com/259x995
Amanda Edwards,amandaedwards22soc@vetias.ac.in,xGTU7nB(,Sociology,3rd,https://dummyimage.com/471x525
Derrick Page,derrickpage23bba@vetias.ac.in,{497JVZS,BBA,2nd,https://picsum.photos/738/934
Benjamin Ryan,benjaminryan24soc@vetias.ac.in,)(fX5DB(,Sociology,1st,https://picsum.photos/911/263
Timothy Lynch,timothylynch24ca@vetias.ac.in,w+rP-t+U,CA,1st,https://picsum.photos/520/653
Mrs. Monica Carter,mrs.monicacarter22bco@vetias.ac.in,f#[At>5*,BCom,3rd,https://picsum.photos/543/483
Juan Ramos,juanramos22soc@vetias.ac.in,5t4RC^|_,Sociology,3rd,https://placekitten.com/670/781
Kristen Meyer,kristenmeyer24bba@vetias.ac.in,W}J='aTc,BBA,1st,https://placekitten.com/763/464
Paul Griffin,paulgriffin22ca@vetias.ac.in,}UUH^>x[,CA,3rd,https://picsum.photos/232/977
Julie Johnson,juliejohnson22ca@vetias.ac.in,"""K}A[ond",CA,3rd,https://dummyimage.com/555x786
Megan Ortiz,meganortiz24ca@vetias.ac.in,_%K1M(6~,CA,1st,https://picsum.photos/24/387
Larry Williams,larrywilliams22soc@vetias.ac.in,;a(!{LDf,Sociology,3rd,https://picsum.photos/452/696
Melissa Jones,melissajones23ca@vetias.ac.in,"RXV8m|n,",CA,2nd,https://dummyimage.com/705x152
Timothy Lynch,timothylynch24aid@vetias.ac.in,58}VQZ\m,AIDS,1st,https://dummyimage.com/872x995
Darren Smith,darrensmith24soc@vetias.ac.in,|~KQ.K]O,Sociology,1st,https://dummyimage.com/228x865
Jeffery Ferguson,jefferyferguson24ca@vetias.ac.in,RPU}*NBz,CA,1st,https://placekitten.com/522/340
William White,williamwhite22bco@vetias.ac.in,"A0H&.,vp",BCom,3rd,https://dummyimage.com/357x74
Judy Weiss,judyweiss24soc@vetias.ac.in,Q=J1@*`:,Sociology,1st,https://picsum.photos/188/314
Joshua Lee DVM,joshualeedvm24ca@vetias.ac.in,)v-t9q1.,CA,1st,https://dummyimage.com/436x653
Cassidy Reynolds,cassidyreynolds22it@vetias.ac.in,p.YD}dMk,IT,3rd,https://placekitten.com/157/987
Zachary Smith,zacharysmith23aid@vetias.ac.in,S_GcY:|J,AIDS,2nd,https://placekitten.com/532/697
Elizabeth James,elizabethjames24it@vetias.ac.in,A)/]xd:F,IT,1st,https://dummyimage.com/592x1011
Billy Cross,billycross23ca@vetias.ac.in,RM?%(P6R,CA,2nd,https://picsum.photos/483/405
John Green,johngreen22aid@vetias.ac.in,^=+g</dw,AIDS,3rd,https://picsum.photos/664/133
Kelly Smith,kellysmith23it@vetias.ac.in,#Q4`q:pG,IT,2nd,https://picsum.photos/638/845
William Rodriguez,williamrodriguez23it@vetias.ac.in,$9uQY1lp,IT,2nd,https://placekitten.com/1005/548
Vickie Wilkinson,vickiewilkinson22soc@vetias.ac.in,|!q{0caq,Sociology,3rd,https://dummyimage.com/975x317
Lisa Garcia MD,lisagarciamd24soc@vetias.ac.in,*Bq4?]sx,Sociology,1st,https://picsum.photos/239/999
Kiara Hale,kiarahale22aid@vetias.ac.in,"Sn\+R""qI",AIDS,3rd,https://placekitten.com/934/458
Lori Mcbride,lorimcbride24it@vetias.ac.in,_0fc<K1/,IT,1st,https://picsum.photos/464/312
Michael Harrington,michaelharrington24bco@vetias.ac.in,y5#)iLOs,BCom,1st,https://placekitten.com/865/648
Wendy Shaw,wendyshaw24bco@vetias.ac.in,w{J]V\_L,BCom,1st,https://dummyimage.com/901x526
Michael Copeland,michaelcopeland24bco@vetias.ac.in,fIZClOSG,BCom,1st,https://dummyimage.com/270x559
Donald Wagner,donaldwagner24soc@vetias.ac.in,%Ic:RWOh,Sociology,1st,https://picsum.photos/394/20
Jay Young,jayyoung23aid@vetias.ac.in,|p5g2~YG,AIDS,2nd,https://picsum.photos/70/652
Adam Anderson,adamanderson22bba@vetias.ac.in,'0wdSnt8,BBA,3rd,https://placekitten.com/715/80
Timothy Walker,timothywalker22soc@vetias.ac.in,u?76=HA$,Sociology,3rd,https://picsum.photos/910/453
Jacob Watson,jacobwatson22it@vetias.ac.in,7''C%yTg,IT,3rd,https://picsum.photos/627/286
Michelle Molina,michellemolina23ca@vetias.ac.in,h.fOP\/.,CA,2nd,https://picsum.photos/56/136
Stephanie Butler,stephaniebutler22bco@vetias.ac.in,CN6{M<Wc,BCom,3rd,https://picsum.photos/522/89
Stacy Acosta,stacyacosta22bba@vetias.ac.in,"#B,}hGm$",BBA,3rd,https://placekitten.com/635/769
Cheryl Wheeler,cherylwheeler23bba@vetias.ac.in,"knd,(F>M",BBA,2nd,https://dummyimage.com/144x418
Samantha Massey,samanthamassey22bba@vetias.ac.in,P(@(*!]h,BBA,3rd,https://picsum.photos/740/677
Kerry Solis,kerrysolis22bba@vetias.ac.in,4M8uxV5Q,BBA,3rd,https://placekitten.com/483/763
Carolyn Wilcox,carolynwilcox23aid@vetias.ac.in,"9C%eU6e,",AIDS,2nd,https://picsum.photos/472/244
Joseph Fisher,josephfisher23it@vetias.ac.in,F+(gqflJ,IT,2nd,https://placekitten.com/742/22
Heather Robinson,heatherrobinson23bba@vetias.ac.in,X:NR)nKZ,BBA,2nd,https://picsum.photos/750/244
Amy Hamilton,amyhamilton24ca@vetias.ac.in,f272t+e',CA,1st,https://picsum.photos/787/193
Timothy Mitchell,timothymitchell24bba@vetias.ac.in,s\vk+<tp,BBA,1st,https://placekitten.com/550/334
Madeline Gay,madelinegay22ca@vetias.ac.in,7<'bvcb(,CA,3rd,https://picsum.photos/169/987
Jessica Douglas,jessicadouglas22aid@vetias.ac.in,N_IWDA3e,AIDS,3rd,https://picsum.photos/104/637
Rhonda Gaines,rhondagaines23aid@vetias.ac.in,"BM;Xu,Y{",AIDS,2nd,https://placekitten.com/863/246
Veronica Benjamin,veronicabenjamin24bba@vetias.ac.in,%ECY'z7L,BBA,1st,https://placekitten.com/338/648
Thomas Reeves,thomasreeves23bco@vetias.ac.in,V'.S!O&`,BCom,2nd,https://dummyimage.com/146x686
Joanna Harper,joannaharper22bco@vetias.ac.in,(t%/)i.;,BCom,3rd,https://placekitten.com/381/256
Michael Carroll,michaelcarroll22bba@vetias.ac.in,!B9o}~0V,BBA,3rd,https://picsum.photos/858/258
Lisa Baker,lisabaker23it@vetias.ac.in,f_T\\fV6,IT,2nd,https://dummyimage.com/834x106
Anthony Wilson,anthonywilson23it@vetias.ac.in,PJrY4A@Q,IT,2nd,https://placekitten.com/841/484
Melissa Graves,melissagraves24bco@vetias.ac.in,"^i3!C7$""",BCom,1st,https://dummyimage.com/5x583
Julia Nash,julianash24soc@vetias.ac.in,",FUL=^I;",Sociology,1st,https://picsum.photos/262/303
Christina Kramer,christinakramer24bco@vetias.ac.in,8o;bM>tb,BCom,1st,https://dummyimage.com/250x546
Melanie Perry,melanieperry24it@vetias.ac.in,i=@N@?|8,IT,1st,https://dummyimage.com/293x894
Jessica Salinas,jessicasalinas22bco@vetias.ac.in,z6+'-[0b,BCom,3rd,https://picsum.photos/1018/586
Kelly Armstrong,kellyarmstrong22ca@vetias.ac.in,_JdYF[q+,CA,3rd,https://picsum.photos/1003/880
John Frye,johnfrye22soc@vetias.ac.in,-q3`V<cT,Sociology,3rd,https://picsum.photos/593/765
Shaun Thomas,shaunthomas24ca@vetias.ac.in,lz)6H_mg,CA,1st,https://placekitten.com/258/447
Brian Bowen,brianbowen23aid@vetias.ac.in,}b2Vhn+s,AIDS,2nd,https://dummyimage.com/397x500
Robert Hart,roberthart23soc@vetias.ac.in,`vCY914m,Sociology,2nd,https://dummyimage.com/294x242
Michelle Hernandez,michellehernandez22it@vetias.ac.in,jMFKwBO',IT,3rd,https://placekitten.com/758/784
Leslie Bowman,lesliebowman23bba@vetias.ac.in,%;ZLIlD*,BBA,2nd,https://picsum.photos/60/132
Brandy Campbell,brandycampbell22bco@vetias.ac.in,%*/**nCX,BCom,3rd,https://placekitten.com/81/401
Eric Chavez,ericchavez24bco@vetias.ac.in,^N^Df$;f,BCom,1st,https://picsum.photos/1008/719
Alex Brown,alexbrown24ca@vetias.ac.in,>UBI9Jt*,CA,1st,https://dummyimage.com/710x185
Tyler Patel,tylerpatel22aid@vetias.ac.in,76Rwh3|_,AIDS,3rd,https://picsum.photos/292/422
Monica Harrell,monicaharrell23aid@vetias.ac.in,%Id.hxZ1,AIDS,2nd,https://dummyimage.com/587x197
Daniel Neal,danielneal22aid@vetias.ac.in,Om\!Ympq,AIDS,3rd,https://placekitten.com/336/70
Grant Leach,grantleach23aid@vetias.ac.in,;82@>WQI,AIDS,2nd,https://placekitten.com/477/13
Matthew Brewer,matthewbrewer24soc@vetias.ac.in,wg{)N+hz,Sociology,1st,https://placekitten.com/564/831
Charles Foster,charlesfoster24aid@vetias.ac.in,SVLJt$hV,AIDS,1st,https://placekitten.com/961/465
Taylor Gray,taylorgray24soc@vetias.ac.in,dwFHI>XG,Sociology,1st,https://dummyimage.com/800x761
Christine Hoffman,christinehoffman22ca@vetias.ac.in,"j""AHOhY}",CA,3rd,https://picsum.photos/20/982
Amanda Cline,amandacline23soc@vetias.ac.in,OA<Nw]0Y,Sociology,2nd,https://dummyimage.com/626x465
Diane Medina,dianemedina22soc@vetias.ac.in,\ONnfS@^,Sociology,3rd,https://dummyimage.com/840x609
Angela Moody,angelamoody23aid@vetias.ac.in,uBl.'*uB,AIDS,2nd,https://picsum.photos/54/354
Peter Ruiz,peterruiz24bco@vetias.ac.in,)1:L7(24,BCom,1st,https://picsum.photos/916/628
Eric Gilbert,ericgilbert24bba@vetias.ac.in,*I=iB73\,BBA,1st,https://picsum.photos/971/470
Philip Douglas,philipdouglas24it@vetias.ac.in,cwb+8YBv,IT,1st,https://picsum.photos/549/209
Gina Cole DVM,ginacoledvm24bba@vetias.ac.in,\R2*/R(+,BBA,1st,https://dummyimage.com/887x162
John Baker,johnbaker22aid@vetias.ac.in,e1]?hT>e,AIDS,3rd,https://picsum.photos/825/334
Jennifer Ruiz,jenniferruiz23soc@vetias.ac.in,olKCeJT^,Sociology,2nd,https://picsum.photos/142/453
Mark Sloan,marksloan24bba@vetias.ac.in,";[,j&Bm-",BBA,1st,https://placekitten.com/362/789
Kelly Young,kellyyoung24bco@vetias.ac.in,sbK-ttH@,BCom,1st,https://placekitten.com/976/823
Chris Schmidt,chrisschmidt24aid@vetias.ac.in,_XH&uzMP,AIDS,1st,https://dummyimage.com/469x831
Melvin Brooks,melvinbrooks22ca@vetias.ac.in,-f55%XrU,CA,3rd,https://dummyimage.com/477x281
Kayla Harris,kaylaharris24bba@vetias.ac.in,H>?6^D%e,BBA,1st,https://picsum.photos/473/419
Dennis Dorsey,dennisdorsey23aid@vetias.ac.in,*@m`g]@d,AIDS,2nd,https://picsum.photos/335/656
Madison Thompson,madisonthompson23bba@vetias.ac.in,Gm(1Dl3T,BBA,2nd,https://placekitten.com/94/1001
Jessica Lee,jessicalee24bco@vetias.ac.in,mg[Pfq4G,BCom,1st,https://dummyimage.com/370x530
Jose Munoz,josemunoz22bba@vetias.ac.in,$OQkH6\4,BBA,3rd,https://placekitten.com/899/2
Michelle Wood,michellewood23bba@vetias.ac.in,<w>:5g63,BBA,2nd,https://picsum.photos/322/7
Rebecca Kline,rebeccakline24it@vetias.ac.in,vLPAh2.<,IT,1st,https://placekitten.com/741/924
Annette Bell,annettebell23ca@vetias.ac.in,"_I7""u(d6",CA,2nd,https://placekitten.com/235/101
Rebecca Frank,rebeccafrank22bba@vetias.ac.in,?kUZ8O<&,BBA,3rd,https://placekitten.com/662/796
Mark Cordova,markcordova24aid@vetias.ac.in,MA~~?%~k,AIDS,1st,https://picsum.photos/58/961
Peter Harris,peterharris24bco@vetias.ac.in,YQj1S(|b,BCom,1st,https://placekitten.com/538/809
Nicole Olson,nicoleolson23soc@vetias.ac.in,Bw[-5z]m,Sociology,2nd,https://picsum.photos/610/930
Javier Huynh,javierhuynh24it@vetias.ac.in,Jh&i.]?a,IT,1st,https://dummyimage.com/158x974
John Davis,johndavis24it@vetias.ac.in,\N6(kG~f,IT,1st,https://placekitten.com/315/56
Chelsea Warren,chelseawarren22ca@vetias.ac.in,8%K?PrAs,CA,3rd,https://dummyimage.com/779x165
Olivia Chase,oliviachase23ca@vetias.ac.in,",%<SfUH_",CA,2nd,https://picsum.photos/723/902
Joshua Williamson,joshuawilliamson24bco@vetias.ac.in,XRo(9@f9,BCom,1st,https://placekitten.com/283/1009
Lisa Russell,lisarussell22soc@vetias.ac.in,J\?(9\'e,Sociology,3rd,https://placekitten.com/884/500
Brenda Villegas,brendavillegas22bco@vetias.ac.in,?&\wg4#e,BCom,3rd,https://picsum.photos/365/340
Sara Bradley,sarabradley22bba@vetias.ac.in,w<#D@S!w,BBA,3rd,https://picsum.photos/464/974
Michael Smith,michaelsmith22bba@vetias.ac.in,lo1AaFr.,BBA,3rd,https://placekitten.com/905/560
Allen Browning,allenbrowning22bba@vetias.ac.in,B`_Yf`pD,BBA,3rd,https://placekitten.com/849/218
Eddie Rogers,eddierogers22soc@vetias.ac.in,+rvCBp'l,Sociology,3rd,https://dummyimage.com/544x245
Jeffery Garcia,jefferygarcia23bba@vetias.ac.in,mMszmZq',BBA,2nd,https://picsum.photos/453/953
Katherine Elliott,katherineelliott24ca@vetias.ac.in,"'l""{yu""{",CA,1st,https://dummyimage.com/578x506
Richard Douglas,richarddouglas24bco@vetias.ac.in,":eL""w>R[",BCom,1st,https://picsum.photos/997/451
Michael Dyer,michaeldyer22it@vetias.ac.in,&h~[~uJT,IT,3rd,https://dummyimage.com/135x362
Edward Murphy,edwardmurphy23bco@vetias.ac.in,L)lq#.-=,BCom,2nd,https://placekitten.com/278/865
Melissa Colon,melissacolon23bco@vetias.ac.in,e9cArQW-,BCom,2nd,https://placekitten.com/829/626
Cameron Hubbard,cameronhubbard22soc@vetias.ac.in,Wt*)&JWy,Sociology,3rd,https://dummyimage.com/322x16
Heather Castillo,heathercastillo23aid@vetias.ac.in,CGuc6`|p,AIDS,2nd,https://picsum.photos/829/626
Adrian Payne,adrianpayne22it@vetias.ac.in,"W""xax'-m",IT,3rd,https://dummyimage.com/970x429
Steven Jones,stevenjones24it@vetias.ac.in,%TKy%5-\,IT,1st,https://picsum.photos/325/961
Michael Johnson,michaeljohnson22it@vetias.ac.in,`sW0p&/R,IT,3rd,https://placekitten.com/307/132
Joshua Perry,joshuaperry24aid@vetias.ac.in,qYbL>JR?,AIDS,1st,https://picsum.photos/337/138
Deborah Harris,deborahharris23soc@vetias.ac.in,SHt^V/>t,Sociology,2nd,https://picsum.photos/145/612
Joshua Johnson,joshuajohnson24bba@vetias.ac.in,>8w2hn2g,BBA,1st,https://picsum.photos/145/984
Miss Yvonne Marshall DVM,missyvonnemarshalldvm22it@vetias.ac.in,OvFQU.K6,IT,3rd,https://placekitten.com/645/845
Thomas Atkinson,thomasatkinson22soc@vetias.ac.in,gqjDZ+D.,Sociology,3rd,https://dummyimage.com/241x683
Brittany Cooper,brittanycooper23it@vetias.ac.in,;]E&gS}9,IT,2nd,https://placekitten.com/472/953
Robert Cooper,robertcooper23aid@vetias.ac.in,y];g(Xsa,AIDS,2nd,https://placekitten.com/174/384
Jillian Aguirre,jillianaguirre24bba@vetias.ac.in,3}-+gd?4,BBA,1st,https://picsum.photos/832/976
Jennifer Reyes,jenniferreyes22it@vetias.ac.in,aQ3BG?E],IT,3rd,https://placekitten.com/568/998
Amanda Moore,amandamoore23aid@vetias.ac.in,}J/@ZLFb,AIDS,2nd,https://dummyimage.com/863x721
Mark Chandler,markchandler23bba@vetias.ac.in,t69L:a.a,BBA,2nd,https://placekitten.com/331/973
Alexis Wu,alexiswu22soc@vetias.ac.in,FqEV0:(s,Sociology,3rd,https://dummyimage.com/526x586
Ryan Marsh,ryanmarsh24soc@vetias.ac.in,yXMpR)=o,Sociology,1st,https://picsum.photos/119/522
Robert Williams,robertwilliams23aid@vetias.ac.in,T@LLeO!$,AIDS,2nd,https://dummyimage.com/688x562
Larry Martin,larrymartin22bco@vetias.ac.in,fNTDbc7C,BCom,3rd,https://picsum.photos/313/951
Brandy Ellis,brandyellis24bco@vetias.ac.in,/X^&Btj&,BCom,1st,https://dummyimage.com/192x146
Madison Doyle,madisondoyle22it@vetias.ac.in,\_ymo<xU,IT,3rd,https://dummyimage.com/770x873
Victoria Owens,victoriaowens24soc@vetias.ac.in,=x'@>.Ux,Sociology,1st,https://placekitten.com/465/811
Amber Rogers,amberrogers23bco@vetias.ac.in,6TaWGov9,BCom,2nd,https://placekitten.com/271/968
Misty Smith,mistysmith22it@vetias.ac.in,";dMjIS?,",IT,3rd,https://picsum.photos/60/952
Rebecca Mcfarland,rebeccamcfarland23it@vetias.ac.in,+V4o&/W6,IT,2nd,https://dummyimage.com/1009x313
Mark Murray PhD,markmurrayphd22soc@vetias.ac.in,"r]}a$S,U",Sociology,3rd,https://placekitten.com/534/823
Amanda Richards,amandarichards22bba@vetias.ac.in,"O^bSG"")}",BBA,3rd,https://picsum.photos/152/143
Michael Watson,michaelwatson22aid@vetias.ac.in,8ad|aB#7,AIDS,3rd,https://picsum.photos/375/548
John Caldwell,johncaldwell22ca@vetias.ac.in,[|>H`{K^,CA,3rd,https://picsum.photos/831/526
Melvin Gonzalez,melvingonzalez24bba@vetias.ac.in,<N;q>iW7,BBA,1st,https://placekitten.com/55/122
James Jennings,jamesjennings22ca@vetias.ac.in,_Rohj^u9,CA,3rd,https://placekitten.com/581/302
Anne Bruce,annebruce24bba@vetias.ac.in,"sk=r""adl",BBA,1st,https://picsum.photos/811/601
Isaac Williams,isaacwilliams23bco@vetias.ac.in,",Jxw5=Lk",BCom,2nd,https://placekitten.com/816/530
Samantha Leon,samanthaleon23aid@vetias.ac.in,'3P&0sK0,AIDS,2nd,https://picsum.photos/104/503
Erika Jones,erikajones24aid@vetias.ac.in,pEeiBi\c,AIDS,1st,https://picsum.photos/313/1015
Lawrence Marquez,lawrencemarquez24soc@vetias.ac.in,"g,tQF0V$",Sociology,1st,https://picsum.photos/919/762
Christina Davis,christinadavis24it@vetias.ac.in,5D=4CB9Y,IT,1st,https://picsum.photos/765/584
Alex Blackburn,alexblackburn24soc@vetias.ac.in,DJ8URj.z,Sociology,1st,https://placekitten.com/870/12
Jamie Webster,jamiewebster23ca@vetias.ac.in,oZJl]]{U,CA,2nd,https://placekitten.com/23/900
Dana Chapman,danachapman22aid@vetias.ac.in,3'o|?l:4,AIDS,3rd,https://picsum.photos/3/650
Margaret Ferguson,margaretferguson24soc@vetias.ac.in,"L~?,@:7r",Sociology,1st,https://dummyimage.com/722x457
Robert Shepard,robertshepard22it@vetias.ac.in,7`.f_Fzk,IT,3rd,https://dummyimage.com/950x689
Jessica Collins,jessicacollins24bba@vetias.ac.in,g-eA\]\],BBA,1st,https://placekitten.com/870/508
Mary Moreno,marymoreno24soc@vetias.ac.in,$|QOK\i_,Sociology,1st,https://dummyimage.com/77x371
Steven Wells,stevenwells23bco@vetias.ac.in,trrqu6&Q,BCom,2nd,https://placekitten.com/646/985
Lindsay Carson,lindsaycarson24bco@vetias.ac.in,"wc""J;#o*",BCom,1st,https://picsum.photos/492/144
Sandra Smith,sandrasmith24bba@vetias.ac.in,"Yvjq`-c""",BBA,1st,https://picsum.photos/598/711
Andrew Matthews,andrewmatthews23bco@vetias.ac.in,:hHnr9CR,BCom,2nd,https://picsum.photos/164/626
James Black,jamesblack23it@vetias.ac.in,Ydp/94[<,IT,2nd,https://placekitten.com/967/611
Amy Reed,amyreed23bba@vetias.ac.in,"*$_d]H,c",BBA,2nd,https://picsum.photos/279/87
Barry Williams,barrywilliams22ca@vetias.ac.in,ezYA6kTy,CA,3rd,https://dummyimage.com/865x361
Stacey Dennis,staceydennis23soc@vetias.ac.in,bHA@6l9N,Sociology,2nd,https://placekitten.com/366/425
Rhonda Fleming,rhondafleming22bba@vetias.ac.in,SA*aa8{v,BBA,3rd,https://dummyimage.com/754x37
Dennis Baker,dennisbaker23ca@vetias.ac.in,>]p!Ro/D,CA,2nd,https://picsum.photos/864/316
Daniel Dennis,danieldennis22bco@vetias.ac.in,C/~zKCYv,BCom,3rd,https://placekitten.com/270/723
Jonathan Carlson,jonathancarlson22it@vetias.ac.in,g*xZOS([,IT,3rd,https://dummyimage.com/75x322
Geoffrey Clark,geoffreyclark24bco@vetias.ac.in,YG\d|.x&,BCom,1st,https://placekitten.com/769/488
Carmen Peterson,carmenpeterson23ca@vetias.ac.in,]-vT)(=0,CA,2nd,https://picsum.photos/207/46
Shawn Kim,shawnkim24ca@vetias.ac.in,5]3<*r^Z,CA,1st,https://dummyimage.com/813x704
Leslie Smith,lesliesmith24bba@vetias.ac.in,2YS^qnl!,BBA,1st,https://dummyimage.com/885x589
Michelle Garcia,michellegarcia22soc@vetias.ac.in,}>;BX5((,Sociology,3rd,https://picsum.photos/512/448
Mark Stephens,markstephens23ca@vetias.ac.in,)3/008iG,CA,2nd,https://dummyimage.com/275x9
Javier Rogers,javierrogers22bba@vetias.ac.in,:/FmwN@8,BBA,3rd,https://dummyimage.com/783x105
Philip Anderson,philipanderson22bba@vetias.ac.in,Ah5)}tSD,BBA,3rd,https://placekitten.com/81/712
Dawn Pacheco,dawnpacheco23bco@vetias.ac.in,-F}Fz9(6,BCom,2nd,https://picsum.photos/436/267
Adam Robinson,adamrobinson22ca@vetias.ac.in,nx^ts~=#,CA,3rd,https://dummyimage.com/270x829
Alyssa Rodriguez,alyssarodriguez24bco@vetias.ac.in,q=jGhlC#,BCom,1st,https://placekitten.com/887/530
Heather Fowler,heatherfowler24bba@vetias.ac.in,",Iz&RZzl",BBA,1st,https://placekitten.com/466/177
Pamela Morales,pamelamorales24aid@vetias.ac.in,:I0^-c>#,AIDS,1st,https://placekitten.com/305/806
Christopher Gonzalez,christophergonzalez23ca@vetias.ac.in,mwd/?dh1,CA,2nd,https://dummyimage.com/689x632
Tammy Gonzalez,tammygonzalez23bco@vetias.ac.in,"Z!qowr2""",BCom,2nd,https://picsum.photos/732/830
Jim Payne,jimpayne24aid@vetias.ac.in,Ij27[_hy,AIDS,1st,https://placekitten.com/447/175
Amber Parker,amberparker23soc@vetias.ac.in,dlM:@-4=,Sociology,2nd,https://picsum.photos/762/624
Michael Young,michaelyoung24bba@vetias.ac.in,"KME,m6V\",BBA,1st,https://dummyimage.com/513x785
Tina Pollard,tinapollard24bco@vetias.ac.in,"""3i>4/jM",BCom,1st,https://placekitten.com/223/62
Eric Robinson,ericrobinson22bco@vetias.ac.in,>B<2dhoo,BCom,3rd,https://picsum.photos/896/801
Heather Brown,heatherbrown23it@vetias.ac.in,GB2(W1A(,IT,2nd,https://picsum.photos/29/348
Kenneth Chandler,kennethchandler23aid@vetias.ac.in,"r/^B""KUG",AIDS,2nd,https://dummyimage.com/216x404
Justin Wong,justinwong23bco@vetias.ac.in,zn#$c{e/,BCom,2nd,https://picsum.photos/90/804
Tracy Baker,tracybaker24it@vetias.ac.in,p?zCx^B7,IT,1st,https://placekitten.com/266/698
Lisa Johnson,lisajohnson22soc@vetias.ac.in,FVEM<Tdv,Sociology,3rd,https://placekitten.com/607/250
Rebecca Wyatt,rebeccawyatt24it@vetias.ac.in,"^eBVJl.""",IT,1st,https://picsum.photos/204/494
Michael Garcia,michaelgarcia24ca@vetias.ac.in,'.{-Krq-,CA,1st,https://placekitten.com/823/1000
Sarah Gonzalez,sarahgonzalez22bba@vetias.ac.in,*Ci0*>Ij,BBA,3rd,https://dummyimage.com/714x924
Vanessa Mcguire,vanessamcguire23bba@vetias.ac.in,:7QdoYOx,BBA,2nd,https://picsum.photos/758/609
Bobby Johnson,bobbyjohnson24it@vetias.ac.in,)KpHE)rg,IT,1st,https://picsum.photos/317/562
Gregory Price,gregoryprice24aid@vetias.ac.in,feha4$=d,AIDS,1st,https://picsum.photos/234/160
Brian Moody,brianmoody23bco@vetias.ac.in,f=y3tHs$,BCom,2nd,https://placekitten.com/549/860
Jennifer Payne,jenniferpayne22soc@vetias.ac.in,iwf]G9?~,Sociology,3rd,https://placekitten.com/1015/168
Stephen Hoffman,stephenhoffman23soc@vetias.ac.in,d~AoR}la,Sociology,2nd,https://picsum.photos/232/663
Brandon Thompson,brandonthompson24soc@vetias.ac.in,VHkp1DH2,Sociology,1st,https://picsum.photos/8/1021
Ashley Wang,ashleywang24ca@vetias.ac.in,~:P9$#!*,CA,1st,https://picsum.photos/872/681
Stephen Chavez,stephenchavez22bco@vetias.ac.in,|P+Glnhg,BCom,3rd,https://placekitten.com/528/722
Robert Cole,robertcole22it@vetias.ac.in,"?""-;s:tW",IT,3rd,https://picsum.photos/685/324
Tony Harris,tonyharris22aid@vetias.ac.in,2)\0nAYU,AIDS,3rd,https://picsum.photos/456/554
Austin Maxwell,austinmaxwell23bco@vetias.ac.in,c<oQXp]R,BCom,2nd,https://dummyimage.com/934x695
Ashley Stewart,ashleystewart23bco@vetias.ac.in,;_#Z'l-q,BCom,2nd,https://dummyimage.com/0x419
Haley Robinson,haleyrobinson24bco@vetias.ac.in,sOC_-Dm#,BCom,1st,https://dummyimage.com/709x208
Victor Kerr,victorkerr23soc@vetias.ac.in,K46\qS=2,Sociology,2nd,https://dummyimage.com/363x963
Elizabeth Floyd,elizabethfloyd23soc@vetias.ac.in,dPo;*(:',Sociology,2nd,https://placekitten.com/333/716
Paula Chase,paulachase24aid@vetias.ac.in,~<*Liuwz,AIDS,1st,https://dummyimage.com/549x1008
Robert Wilson,robertwilson22ca@vetias.ac.in,#Y>c6@?:,CA,3rd,https://placekitten.com/183/943
Susan West,susanwest24soc@vetias.ac.in,nTE01Cd#,Sociology,1st,https://picsum.photos/96/775
Ashley Owens,ashleyowens24bco@vetias.ac.in,";""e92aLs",BCom,1st,https://placekitten.com/397/102
Jennifer Martinez,jennifermartinez22aid@vetias.ac.in,"[,j2FJV(",AIDS,3rd,https://dummyimage.com/808x976
Timothy Castro,timothycastro23ca@vetias.ac.in,<xO^mQU/,CA,2nd,https://placekitten.com/15/580
Anthony Carter,anthonycarter22ca@vetias.ac.in,",{Yk64PJ",CA,3rd,https://placekitten.com/915/369
Dawn Jacobs,dawnjacobs24bba@vetias.ac.in,"25""!NGuM",BBA,1st,https://placekitten.com/115/316
Stacy Brown,stacybrown23bba@vetias.ac.in,x|cxD047,BBA,2nd,https://picsum.photos/604/74
Dr. Joseph Ibarra DDS,dr.josephibarradds22bco@vetias.ac.in,ml&/W6D],BCom,3rd,https://dummyimage.com/728x809
Sharon Patterson,sharonpatterson24bco@vetias.ac.in,np;Zx#&o,BCom,1st,https://picsum.photos/553/209
Chad Stewart,chadstewart22ca@vetias.ac.in,s8T6^+BV,CA,3rd,https://dummyimage.com/63x817
April Arnold,aprilarnold24bco@vetias.ac.in,.<M[([Mj,BCom,1st,https://placekitten.com/468/845
Christopher Bautista,christopherbautista23soc@vetias.ac.in,v^i2uUQc,Sociology,2nd,https://picsum.photos/214/95
Angela Wu,angelawu24bba@vetias.ac.in,"O#U?<!}""",BBA,1st,https://placekitten.com/829/930
Brianna Bowen,briannabowen23aid@vetias.ac.in,"GZ""#kF>;",AIDS,2nd,https://dummyimage.com/822x148
Crystal Bryant,crystalbryant24aid@vetias.ac.in,>NY<LASp,AIDS,1st,https://picsum.photos/540/216
Brandon Riley,brandonriley22bco@vetias.ac.in,0ve[B#|B,BCom,3rd,https://picsum.photos/535/321
Jodi Mccullough,jodimccullough23bco@vetias.ac.in,"wd""]AqUt",BCom,2nd,https://placekitten.com/873/105
Katherine Diaz,katherinediaz22bba@vetias.ac.in,Wyl>Sp|\,BBA,3rd,https://placekitten.com/477/338
Eric Adams,ericadams22it@vetias.ac.in,Xr9uNU!Z,IT,3rd,https://picsum.photos/643/602
Angela Mcbride,angelamcbride23bba@vetias.ac.in,\3<`A)Q!,BBA,2nd,https://dummyimage.com/890x586
Jay Gregory,jaygregory22it@vetias.ac.in,<l[!rIAy,IT,3rd,https://picsum.photos/788/626
Christine Kirby,christinekirby23aid@vetias.ac.in,*9U6*~b7,AIDS,2nd,https://placekitten.com/609/884
Emily Shelton,emilyshelton22bba@vetias.ac.in,g9X0;ra6,BBA,3rd,https://placekitten.com/26/1024
Dale Garcia,dalegarcia23it@vetias.ac.in,VZ^k{'[v,IT,2nd,https://placekitten.com/296/888
Amber Simmons,ambersimmons23ca@vetias.ac.in,3dP#hi<|,CA,2nd,https://picsum.photos/969/213
Angelica Welch,angelicawelch23bco@vetias.ac.in,eg}Fb*FN,BCom,2nd,https://picsum.photos/935/229
Tiffany Weber,tiffanyweber23ca@vetias.ac.in,7|Ph8O.6,CA,2nd,https://picsum.photos/490/634
Brandon Fleming,brandonfleming24bba@vetias.ac.in,l#1R%.qF,BBA,1st,https://picsum.photos/478/450
Meagan Williams,meaganwilliams24it@vetias.ac.in,sY5+RBK},IT,1st,https://picsum.photos/848/293
Cheryl Ho,cherylho23it@vetias.ac.in,'8j7RCV1,IT,2nd,https://dummyimage.com/878x746
Ashley Kim,ashleykim24soc@vetias.ac.in,"H!Iv&,|0",Sociology,1st,https://picsum.photos/597/481
Danielle Salinas,daniellesalinas24bco@vetias.ac.in,lRZ8f3QS,BCom,1st,https://placekitten.com/733/911
Tiffany Mitchell,tiffanymitchell22aid@vetias.ac.in,ev~.5-;U,AIDS,3rd,https://placekitten.com/253/381
Steven Jones,stevenjones24soc@vetias.ac.in,cLDeRuzH,Sociology,1st,https://dummyimage.com/891x31
Linda Lewis,lindalewis24ca@vetias.ac.in,YV~S@&2j,CA,1st,https://placekitten.com/113/537
Vanessa Cain,vanessacain23bba@vetias.ac.in,(|SOw}->,BBA,2nd,https://dummyimage.com/853x128
William Parker,williamparker22it@vetias.ac.in,{N#$dAZ5,IT,3rd,https://dummyimage.com/835x357
Jennifer Chambers,jenniferchambers23bba@vetias.ac.in,"v,[8W~'O",BBA,2nd,https://picsum.photos/988/366
Brandy Rice,brandyrice24ca@vetias.ac.in,&Bye*W!6,CA,1st,https://dummyimage.com/118x717
Tyrone Wilson,tyronewilson24soc@vetias.ac.in,BS)2$G<8,Sociology,1st,https://picsum.photos/164/461
Mr. Lee Williams,mr.leewilliams22bco@vetias.ac.in,5f\R?5|$,BCom,3rd,https://picsum.photos/216/349
Mary Silva,marysilva23ca@vetias.ac.in,@*~nx*uV,CA,2nd,https://dummyimage.com/581x526
Jeffrey Choi,jeffreychoi23ca@vetias.ac.in,t9Lme~0Z,CA,2nd,https://placekitten.com/345/450
Natalie Campbell,nataliecampbell24bba@vetias.ac.in,"&`[h#|R""",BBA,1st,https://dummyimage.com/427x236
Joseph Sullivan,josephsullivan22soc@vetias.ac.in,xAuc!~Yd,Sociology,3rd,https://picsum.photos/76/828
John Miller,johnmiller22bco@vetias.ac.in,QaTFt()2,BCom,3rd,https://picsum.photos/987/609
Maria Sanders,mariasanders22bco@vetias.ac.in,O)XV#W=l,BCom,3rd,https://dummyimage.com/636x1017
James Sanford,jamessanford22ca@vetias.ac.in,M@nq4K(@,CA,3rd,https://picsum.photos/121/792
Andrew Strong,andrewstrong24it@vetias.ac.in,4T7E.5t*,IT,1st,https://dummyimage.com/499x716
Jeffrey Cain,jeffreycain23bco@vetias.ac.in,o-!r0OO?,BCom,2nd,https://placekitten.com/838/149
Krystal Marks,krystalmarks23bco@vetias.ac.in,`9GPCBg-,BCom,2nd,https://picsum.photos/829/688
Andrea Myers,andreamyers24it@vetias.ac.in,HY54^@aZ,IT,1st,https://picsum.photos/972/108
Lisa Frederick,lisafrederick24aid@vetias.ac.in,;)[<z'{',AIDS,1st,https://placekitten.com/241/940
Jacqueline Miranda,jacquelinemiranda24ca@vetias.ac.in,!Z))PJ'~,CA,1st,https://picsum.photos/438/209
Jared Gonzalez,jaredgonzalez24ca@vetias.ac.in,wg8WP)rD,CA,1st,https://picsum.photos/14/360
Cassandra Sullivan,cassandrasullivan22bba@vetias.ac.in,"]mCZhP~,",BBA,3rd,https://dummyimage.com/539x578
Stephen Sanchez,stephensanchez24aid@vetias.ac.in,b)EA4*8H,AIDS,1st,https://placekitten.com/433/403
Jason Brewer,jasonbrewer23soc@vetias.ac.in,vQ2POe;0,Sociology,2nd,https://dummyimage.com/324x808
Michael Smith,michaelsmith22bba@vetias.ac.in,"5.{0,aUZ",BBA,3rd,https://dummyimage.com/859x781
Jane Avila,janeavila24bco@vetias.ac.in,i9N}/\Nx,BCom,1st,https://dummyimage.com/991x395
Robert Martinez,robertmartinez24it@vetias.ac.in,}g!WiwOt,IT,1st,https://picsum.photos/550/194
William Mcpherson,williammcpherson24soc@vetias.ac.in,':u:ozcj,Sociology,1st,https://dummyimage.com/503x638
Raven Mendez,ravenmendez23bba@vetias.ac.in,cEWI'KBt,BBA,2nd,https://dummyimage.com/228x868
Amber Phillips,amberphillips24soc@vetias.ac.in,!U}&:5E4,Sociology,1st,https://picsum.photos/416/924
Meghan Bryant,meghanbryant22bba@vetias.ac.in,#][&6yG|,BBA,3rd,https://dummyimage.com/40x125
Scott Hutchinson,scotthutchinson22ca@vetias.ac.in,[Z0#p=Qs,CA,3rd,https://placekitten.com/738/388
Patricia Thomas,patriciathomas22bba@vetias.ac.in,.V*=tOMk,BBA,3rd,https://picsum.photos/889/870
Jesse Pham,jessepham22soc@vetias.ac.in,aExkY`F~,Sociology,3rd,https://placekitten.com/54/269
Ashley Stafford,ashleystafford24soc@vetias.ac.in,O|`?~4x?,Sociology,1st,https://placekitten.com/725/185
Jocelyn Johnson,jocelynjohnson24bba@vetias.ac.in,}AdXIhOo,BBA,1st,https://dummyimage.com/294x861
Mary Hicks,maryhicks22ca@vetias.ac.in,kwB?V4ca,CA,3rd,https://dummyimage.com/898x876
Elizabeth Burgess,elizabethburgess23it@vetias.ac.in,r}i;RA|c,IT,2nd,https://dummyimage.com/95x303
Jerry Rogers,jerryrogers22aid@vetias.ac.in,TaA<]#Cg,AIDS,3rd,https://placekitten.com/481/319
Nicole Daniels,nicoledaniels24bba@vetias.ac.in,y\f%=#y0,BBA,1st,https://placekitten.com/41/30
Alicia Armstrong,aliciaarmstrong23bco@vetias.ac.in,"""IG91zaB",BCom,2nd,https://dummyimage.com/826x17
Tonya Peterson,tonyapeterson23soc@vetias.ac.in,sTx2R=sx,Sociology,2nd,https://picsum.photos/338/647
Tony Hensley,tonyhensley24bco@vetias.ac.in,{cGPHs~v,BCom,1st,https://dummyimage.com/673x484
Jason Garcia,jasongarcia22ca@vetias.ac.in,nTeGD4<e,CA,3rd,https://picsum.photos/901/990
Jason Potter,jasonpotter23ca@vetias.ac.in,:di;HrZD,CA,2nd,https://placekitten.com/294/180
Tara Vasquez,taravasquez22bba@vetias.ac.in,it&7'i*U,BBA,3rd,https://picsum.photos/371/690
Alexandra Woods,alexandrawoods22soc@vetias.ac.in,"""MqUtgNo",Sociology,3rd,https://dummyimage.com/918x123
Megan Cooke,megancooke22bco@vetias.ac.in,>H#e!7y%,BCom,3rd,https://dummyimage.com/650x592
Regina Moore,reginamoore23bba@vetias.ac.in,?uni66-8,BBA,2nd,https://placekitten.com/375/490
Jeremy Garrison,jeremygarrison23aid@vetias.ac.in,K_n=`H5\,AIDS,2nd,https://dummyimage.com/286x559
Andrew Mejia,andrewmejia24ca@vetias.ac.in,"A/^zj3P""",CA,1st,https://picsum.photos/164/869
Stephen Stone,stephenstone23it@vetias.ac.in,|?vs58vm,IT,2nd,https://placekitten.com/632/158
Erica Wright,ericawright24it@vetias.ac.in,bd/kxY|-,IT,1st,https://dummyimage.com/172x975
Zachary Graham,zacharygraham22it@vetias.ac.in,:5iPmN}f,IT,3rd,https://picsum.photos/833/677
Kelsey Hess,kelseyhess23bco@vetias.ac.in,vL9mC=c<,BCom,2nd,https://dummyimage.com/461x739
Christopher Shields,christophershields23bco@vetias.ac.in,<nIRhB!y,BCom,2nd,https://picsum.photos/186/104
Melissa Evans,melissaevans22bco@vetias.ac.in,x+#]X?e>,BCom,3rd,https://placekitten.com/278/10
Maria Williams,mariawilliams23bba@vetias.ac.in,uH9O`vs$,BBA,2nd,https://picsum.photos/850/859
Tonya Houston,tonyahouston24it@vetias.ac.in,'0ym;`Yu,IT,1st,https://picsum.photos/973/971
Amanda Montoya,amandamontoya22bco@vetias.ac.in,"GFQec""bT",BCom,3rd,https://placekitten.com/779/109
George Reyes,georgereyes24bco@vetias.ac.in,>'QYqvO9,BCom,1st,https://placekitten.com/150/733
Scott Wilson,scottwilson22soc@vetias.ac.in,K^XSpX|M,Sociology,3rd,https://picsum.photos/347/889
Todd Ellison,toddellison23soc@vetias.ac.in,"c,<NBcRh",Sociology,2nd,https://picsum.photos/565/975
Mr. Christian Wyatt,mr.christianwyatt22soc@vetias.ac.in,">KA5Z""\|",Sociology,3rd,https://dummyimage.com/329x466
Debra Newman,debranewman24aid@vetias.ac.in,c?V4?E`},AIDS,1st,https://placekitten.com/244/456
Mr. Michael Cherry IV,mr.michaelcherryiv24soc@vetias.ac.in,M5]x|'Sd,Sociology,1st,https://dummyimage.com/141x884
Lisa Richards,lisarichards24it@vetias.ac.in,M5ow>u\l,IT,1st,https://placekitten.com/565/982
Jaime Baker,jaimebaker22bco@vetias.ac.in,"8h(=f,-H",BCom,3rd,https://picsum.photos/800/335
Cindy Edwards,cindyedwards24it@vetias.ac.in,bZ+<%-V^,IT,1st,https://placekitten.com/352/147
Brooke Henry,brookehenry24ca@vetias.ac.in,ST!W]bgy,CA,1st,https://dummyimage.com/822x470
Natalie Cook,nataliecook23aid@vetias.ac.in,7gg|[$dC,AIDS,2nd,https://dummyimage.com/867x269
Adam Contreras,adamcontreras23soc@vetias.ac.in,47_HE[;j,Sociology,2nd,https://placekitten.com/653/874
Marie Huffman,mariehuffman22aid@vetias.ac.in,]dzxsxUd,AIDS,3rd,https://dummyimage.com/857x276
Alejandro Cox,alejandrocox24bco@vetias.ac.in,g:93LAR#,BCom,1st,https://placekitten.com/302/306
Gary Reyes,garyreyes22aid@vetias.ac.in,9DX0-[_9,AIDS,3rd,https://dummyimage.com/520x447
Kathryn Hamilton,kathrynhamilton22it@vetias.ac.in,trL+-K1E,IT,3rd,https://picsum.photos/20/308
James Williams,jameswilliams24aid@vetias.ac.in,"2p)rtHW,",AIDS,1st,https://placekitten.com/489/210
Brandon Garcia,brandongarcia24bba@vetias.ac.in,"T,W""4c=f",BBA,1st,https://placekitten.com/384/324
Nicholas Fletcher,nicholasfletcher23aid@vetias.ac.in,"""fGLxsD/",AIDS,2nd,https://placekitten.com/772/77
Matthew Allen,matthewallen22bco@vetias.ac.in,",$Md.p>H",BCom,3rd,https://placekitten.com/910/759
Glen Harris,glenharris23soc@vetias.ac.in,B$/oMke\,Sociology,2nd,https://picsum.photos/746/406
Kimberly Young,kimberlyyoung24bba@vetias.ac.in,I'v8~W@b,BBA,1st,https://dummyimage.com/721x469
Jennifer Mcgee,jennifermcgee24ca@vetias.ac.in,A(L{I6L],CA,1st,https://dummyimage.com/471x47
Jason Ward,jasonward24soc@vetias.ac.in,WS]~?q>/,Sociology,1st,https://dummyimage.com/195x883
Daniel Sanchez,danielsanchez24ca@vetias.ac.in,{RlTz{W|,CA,1st,https://placekitten.com/686/403
Kurt Johnson,kurtjohnson22bco@vetias.ac.in,BS+yAd0A,BCom,3rd,https://picsum.photos/226/894
Jessica Mcneil,jessicamcneil24it@vetias.ac.in,m+D!HCvG,IT,1st,https://dummyimage.com/81x643
Justin Ali,justinali23bba@vetias.ac.in,"y3""1Gfp\",BBA,2nd,https://picsum.photos/225/650
Sharon Thomas,sharonthomas24it@vetias.ac.in,n17;^|K{,IT,1st,https://placekitten.com/905/804
Mason Spencer,masonspencer24aid@vetias.ac.in,mrIVco\J,AIDS,1st,https://placekitten.com/626/503
Kelly Brown,kellybrown22soc@vetias.ac.in,HTm;2M;G,Sociology,3rd,https://placekitten.com/171/671
Ashley Davis,ashleydavis22ca@vetias.ac.in,"jWyr$""p;",CA,3rd,https://picsum.photos/28/93
Brenda Kelly,brendakelly23bco@vetias.ac.in,v~O//E^D,BCom,2nd,https://picsum.photos/656/684
Lori Mann,lorimann24aid@vetias.ac.in,"|,3YusOd",AIDS,1st,https://dummyimage.com/861x508
Eric Walker,ericwalker22it@vetias.ac.in,"G""W//q%t",IT,3rd,https://dummyimage.com/733x670
Mary Lin,marylin23bco@vetias.ac.in,hscCV$^Z,BCom,2nd,https://dummyimage.com/931x970
John Carrillo,johncarrillo23ca@vetias.ac.in,"""T<.,Dt)",CA,2nd,https://placekitten.com/853/783
James Bass,jamesbass23it@vetias.ac.in,)>p9':O},IT,2nd,https://placekitten.com/286/67
Jasmine Harper,jasmineharper24ca@vetias.ac.in,A>NT\0ps,CA,1st,https://dummyimage.com/492x413
Alexa Beck,alexabeck23soc@vetias.ac.in,d{V:a${6,Sociology,2nd,https://dummyimage.com/749x852
William Jones,williamjones22bco@vetias.ac.in,3JiLL+R(,BCom,3rd,https://picsum.photos/469/415
Timothy Houston,timothyhouston23it@vetias.ac.in,mW7ob:M),IT,2nd,https://placekitten.com/533/270
Connie Berg,connieberg23ca@vetias.ac.in,.cw}R[fJ,CA,2nd,https://picsum.photos/177/405
Amy Kemp,amykemp23bco@vetias.ac.in,vjVe;Qpd,BCom,2nd,https://dummyimage.com/318x295
Nancy Glover,nancyglover23bba@vetias.ac.in,z5wP6;Jm,BBA,2nd,https://picsum.photos/880/576
Zachary Avery,zacharyavery23aid@vetias.ac.in,B5T\(|!A,AIDS,2nd,https://placekitten.com/797/791
Christopher Foster,christopherfoster24ca@vetias.ac.in,"m;'+G/""7",CA,1st,https://placekitten.com/66/407
Laura Vincent,lauravincent23bba@vetias.ac.in,.]X9/hlt,BBA,2nd,https://picsum.photos/1016/108
Sara Johnson,sarajohnson23bba@vetias.ac.in,"'Wn9,/Y`",BBA,2nd,https://placekitten.com/1004/239
Jesse Mckay,jessemckay23soc@vetias.ac.in,%#-\>:c*,Sociology,2nd,https://picsum.photos/447/0
Bobby Pratt,bobbypratt24soc@vetias.ac.in,\[~gEU8>,Sociology,1st,https://dummyimage.com/1020x776
Annette Huynh,annettehuynh23ca@vetias.ac.in,uiBlgBoe,CA,2nd,https://placekitten.com/580/698
Robin Diaz,robindiaz23soc@vetias.ac.in,T!I'v+}O,Sociology,2nd,https://placekitten.com/349/320
Douglas Lopez,douglaslopez22bco@vetias.ac.in,;yBHK)'q,BCom,3rd,https://dummyimage.com/667x908
Amy Harmon,amyharmon23ca@vetias.ac.in,S\RYmPNy,CA,2nd,https://picsum.photos/40/621
Nicole Cole,nicolecole23ca@vetias.ac.in,^Us`ce=2,CA,2nd,https://placekitten.com/277/702
Emily Trevino,emilytrevino23bba@vetias.ac.in,_RK_h2bV,BBA,2nd,https://placekitten.com/129/256
Erica Rose,ericarose23it@vetias.ac.in,"?""N~,S4D",IT,2nd,https://placekitten.com/545/411
Phillip Gaines,phillipgaines23it@vetias.ac.in,jv~}Puwh,IT,2nd,https://picsum.photos/719/604
Kimberly Gomez,kimberlygomez22bba@vetias.ac.in,+>1K|>s$,BBA,3rd,https://picsum.photos/211/1018
Chase Reyes,chasereyes23it@vetias.ac.in,Io^VE*iG,IT,2nd,https://placekitten.com/455/887
Daniel Flores,danielflores23soc@vetias.ac.in,"eSv<.U""2",Sociology,2nd,https://placekitten.com/477/753
Jack Castaneda,jackcastaneda24aid@vetias.ac.in,%z9^!)Cs,AIDS,1st,https://placekitten.com/854/334
Molly Owens,mollyowens22soc@vetias.ac.in,>cw#lWh2,Sociology,3rd,https://placekitten.com/347/685
Craig Yoder,craigyoder24bco@vetias.ac.in,"?,<1a>Sm",BCom,1st,https://dummyimage.com/832x626
Ashley Pennington,ashleypennington24soc@vetias.ac.in,VUpm8S|(,Sociology,1st,https://dummyimage.com/507x508
Katie Cochran PhD,katiecochranphd23bba@vetias.ac.in,cDeUtB@f,BBA,2nd,https://picsum.photos/98/205
Carol Ramos,carolramos22ca@vetias.ac.in,626k401a,CA,3rd,https://placekitten.com/833/884
Sara Hampton,sarahampton24ca@vetias.ac.in,9WFaSIaM,CA,1st,https://picsum.photos/643/543
Jonathan Porter,jonathanporter24soc@vetias.ac.in,tb[KJ#[j,Sociology,1st,https://dummyimage.com/581x905
Mitchell Fitzpatrick,mitchellfitzpatrick24bco@vetias.ac.in,b[[0z$;f,BCom,1st,https://dummyimage.com/766x218
Harold Johnson,haroldjohnson22bba@vetias.ac.in,:agojMzn,BBA,3rd,https://picsum.photos/647/415
Christopher Wiley,christopherwiley24soc@vetias.ac.in,oPg3Yh;g,Sociology,1st,https://dummyimage.com/495x615
Lisa Smith,lisasmith22soc@vetias.ac.in,K'e6(^^!,Sociology,3rd,https://picsum.photos/675/495
Cynthia Willis,cynthiawillis22ca@vetias.ac.in,QeeVN>%<,CA,3rd,https://picsum.photos/686/650
Nicholas Clark,nicholasclark22bba@vetias.ac.in,ev[qahPZ,BBA,3rd,https://dummyimage.com/784x640
Miguel Morales,miguelmorales22bco@vetias.ac.in,%b/$xKwP,BCom,3rd,https://placekitten.com/271/659
Jennifer Smith,jennifersmith24bco@vetias.ac.in,3vM6YMx(,BCom,1st,https://dummyimage.com/271x581
Eddie Clark,eddieclark22soc@vetias.ac.in,SKhmVZP;,Sociology,3rd,https://dummyimage.com/358x175
Susan Stephens,susanstephens22ca@vetias.ac.in,n-UCm#1T,CA,3rd,https://dummyimage.com/265x675
Michael Larson,michaellarson24aid@vetias.ac.in,gklBu/7#,AIDS,1st,https://placekitten.com/734/868
James Jordan,jamesjordan24it@vetias.ac.in,:ES&H[YD,IT,1st,https://dummyimage.com/426x235
Tracy Mckinney,tracymckinney24bba@vetias.ac.in,o7.QLshM,BBA,1st,https://placekitten.com/510/552
Lisa Cortez,lisacortez22aid@vetias.ac.in,lSo3oR?w,AIDS,3rd,https://placekitten.com/660/790
Brianna Johnson,briannajohnson24bba@vetias.ac.in,>IDOv4H\,BBA,1st,https://picsum.photos/81/293
Jessica Carroll,jessicacarroll22bco@vetias.ac.in,;'(0>e?t,BCom,3rd,https://placekitten.com/340/21
Shawna Fleming,shawnafleming24it@vetias.ac.in,Zb_m7~Rx,IT,1st,https://picsum.photos/408/759
Elizabeth Gallagher,elizabethgallagher24soc@vetias.ac.in,@74|i1b;,Sociology,1st,https://dummyimage.com/913x51
Jeffrey Cox,jeffreycox23soc@vetias.ac.in,M}>6OPlj,Sociology,2nd,https://picsum.photos/410/89
Danny Mitchell,dannymitchell24aid@vetias.ac.in,FP@z]TjW,AIDS,1st,https://picsum.photos/55/597
Mrs. Alison Hobbs MD,mrs.alisonhobbsmd23bba@vetias.ac.in,*=nj{aWA,BBA,2nd,https://dummyimage.com/628x702
Alex Alexander,alexalexander22it@vetias.ac.in,xe0S>#k9,IT,3rd,https://placekitten.com/13/898
Rebecca Elliott,rebeccaelliott24ca@vetias.ac.in,_CBFInKt,CA,1st,https://picsum.photos/689/337
Randy Bailey,randybailey22bco@vetias.ac.in,x8]&ryM],BCom,3rd,https://placekitten.com/315/898
Jerry Hall,jerryhall22bco@vetias.ac.in,_\k#UB63,BCom,3rd,https://dummyimage.com/525x540
Robin Dudley,robindudley23bba@vetias.ac.in,6;Pl@qUz,BBA,2nd,https://picsum.photos/1011/182
Michael Kelley,michaelkelley24ca@vetias.ac.in,j/$Lbvke,CA,1st,https://picsum.photos/600/527
Stephanie Mercer,stephaniemercer23it@vetias.ac.in,"E<,'&E{[",IT,2nd,https://dummyimage.com/1010x442
Laura Ward,lauraward22ca@vetias.ac.in,rYHiYB/Q,CA,3rd,https://placekitten.com/34/549
Michael Young,michaelyoung23aid@vetias.ac.in,wR]Y=JP[,AIDS,2nd,https://dummyimage.com/366x420
Duane Davis,duanedavis23ca@vetias.ac.in,kFh.><6.,CA,2nd,https://dummyimage.com/324x996
Gregg Graham,gregggraham23bba@vetias.ac.in,jU72OtF],BBA,2nd,https://picsum.photos/309/48
Eric Dean MD,ericdeanmd24bba@vetias.ac.in,5goX\DGR,BBA,1st,https://dummyimage.com/17x955
Susan Davis,susandavis23bco@vetias.ac.in,fI$\Z9WF,BCom,2nd,https://dummyimage.com/588x439
Richard Phillips,richardphillips22ca@vetias.ac.in,-F^I5-2_,CA,3rd,https://dummyimage.com/584x370
Heather Hart,heatherhart24bco@vetias.ac.in,vSok$9{7,BCom,1st,https://placekitten.com/469/54
Steven Robertson,stevenrobertson24bco@vetias.ac.in,wFtY2DcH,BCom,1st,https://placekitten.com/56/155
Jeremiah Meadows,jeremiahmeadows24bco@vetias.ac.in,4x26qoW6,BCom,1st,https://placekitten.com/475/251
Amy Moreno,amymoreno22soc@vetias.ac.in,QwTY0{<q,Sociology,3rd,https://placekitten.com/603/509
Kirsten Larsen,kirstenlarsen23aid@vetias.ac.in,*%[U$Jo*,AIDS,2nd,https://picsum.photos/593/402
Adam Reyes,adamreyes23bco@vetias.ac.in,"a:,rll)j",BCom,2nd,https://picsum.photos/531/706
Courtney Mccoy,courtneymccoy22aid@vetias.ac.in,+4;rkEfe,AIDS,3rd,https://dummyimage.com/816x449
Todd Smith,toddsmith24soc@vetias.ac.in,"heM4F,5k",Sociology,1st,https://picsum.photos/81/973
Troy Higgins,troyhiggins24aid@vetias.ac.in,Rn=>]~`!,AIDS,1st,https://dummyimage.com/285x821
Jessica Lucas,jessicalucas24soc@vetias.ac.in,s%>da8o+,Sociology,1st,https://picsum.photos/689/398
Dale Ewing,daleewing22ca@vetias.ac.in,I5S?hNH7,CA,3rd,https://picsum.photos/713/969
Brittany Johnson,brittanyjohnson22it@vetias.ac.in,t764@v*0,IT,3rd,https://placekitten.com/792/776
Hunter Pearson,hunterpearson24aid@vetias.ac.in,yy*GNT&s,AIDS,1st,https://dummyimage.com/966x457
Mary Castillo,marycastillo22it@vetias.ac.in,",yy4QN`a",IT,3rd,https://picsum.photos/744/326
Erika Booth,erikabooth22bba@vetias.ac.in,EE?;a*_9,BBA,3rd,https://picsum.photos/24/684
Latasha Harvey,latashaharvey23it@vetias.ac.in,ocvau~02,IT,2nd,https://picsum.photos/897/835
Andrew Spencer,andrewspencer22bba@vetias.ac.in,>]u~qPv6,BBA,3rd,https://dummyimage.com/14x582
Elizabeth Gregory,elizabethgregory22ca@vetias.ac.in,#@c0Vb0o,CA,3rd,https://placekitten.com/44/350
Eric Stephens,ericstephens23bco@vetias.ac.in,@qK'hZCL,BCom,2nd,https://picsum.photos/818/364
Kimberly Mason,kimberlymason23ca@vetias.ac.in,=DUHNK@M,CA,2nd,https://picsum.photos/793/988
Michael Johnson,michaeljohnson24soc@vetias.ac.in,"!aw""+u|i",Sociology,1st,https://placekitten.com/838/768
Laura Martin,lauramartin22it@vetias.ac.in,A?=jbnA#,IT,3rd,https://placekitten.com/488/58
Mrs. Nancy Valencia DDS,mrs.nancyvalenciadds23aid@vetias.ac.in,Q&b89JP},AIDS,2nd,https://dummyimage.com/400x316
Pamela Williams,pamelawilliams24it@vetias.ac.in,MZSD)axo,IT,1st,https://placekitten.com/762/512
Melissa Campbell,melissacampbell23ca@vetias.ac.in,L;#DYh`*,CA,2nd,https://placekitten.com/548/816
Barbara Scott,barbarascott23bba@vetias.ac.in,Vl]Fh<$y,BBA,2nd,https://dummyimage.com/282x93
Jennifer Smith,jennifersmith23bba@vetias.ac.in,@p<PW6Z;,BBA,2nd,https://picsum.photos/478/970
Christopher Tanner,christophertanner23soc@vetias.ac.in,OQjGNdNH,Sociology,2nd,https://placekitten.com/911/467
Brandon Cruz,brandoncruz24soc@vetias.ac.in,(>^gF).%,Sociology,1st,https://dummyimage.com/784x304
Renee Pope,reneepope24soc@vetias.ac.in,w?s?Jr*=,Sociology,1st,https://picsum.photos/936/218
Jennifer Ross,jenniferross23aid@vetias.ac.in,YvgkvfdM,AIDS,2nd,https://picsum.photos/600/357
Justin Ball,justinball24aid@vetias.ac.in,QhWuzSF&,AIDS,1st,https://placekitten.com/981/457
Michael Kim,michaelkim24ca@vetias.ac.in,AqkGG.7s,CA,1st,https://dummyimage.com/118x930
Colin Pratt,colinpratt22it@vetias.ac.in,K5%p;#68,IT,3rd,https://dummyimage.com/727x979
Pamela Richard,pamelarichard23soc@vetias.ac.in,"XR%*Y@,'",Sociology,2nd,https://picsum.photos/599/892
Aimee Glenn,aimeeglenn24it@vetias.ac.in,74jzO\~{,IT,1st,https://picsum.photos/854/42
Ryan Young,ryanyoung22bba@vetias.ac.in,"G9,G+<Jx",BBA,3rd,https://dummyimage.com/857x32
Kelly Joyce,kellyjoyce24bco@vetias.ac.in,sXt/4C>I,BCom,1st,https://dummyimage.com/66x724
Sean Banks,seanbanks24aid@vetias.ac.in,/w)Tjv/;,AIDS,1st,https://dummyimage.com/703x671
Abigail Lee,abigaillee24ca@vetias.ac.in,Z8~&jsC6,CA,1st,https://placekitten.com/309/954
William Klein,williamklein23bco@vetias.ac.in,"z4""vuh=+",BCom,2nd,https://placekitten.com/12/682
Jimmy Holmes,jimmyholmes24ca@vetias.ac.in,]Ri+X339,CA,1st,https://picsum.photos/729/964
Alexa Smith,alexasmith24ca@vetias.ac.in,NLsX7/e:,CA,1st,https://dummyimage.com/174x992
Taylor Palmer,taylorpalmer23ca@vetias.ac.in,}4s`.j1W,CA,2nd,https://placekitten.com/1013/456
Mrs. Caroline Cisneros DDS,mrs.carolinecisnerosdds22soc@vetias.ac.in,"-6/G""U70",Sociology,3rd,https://dummyimage.com/688x900
Ethan Walters,ethanwalters22bba@vetias.ac.in,(!X]B\(`,BBA,3rd,https://dummyimage.com/179x577
Andrew Bell,andrewbell24aid@vetias.ac.in,[.PPNX=N,AIDS,1st,https://placekitten.com/846/446
Susan Nguyen,susannguyen24bco@vetias.ac.in,<}*QuLCs,BCom,1st,https://dummyimage.com/965x351
Christina Jackson,christinajackson23ca@vetias.ac.in,BSNC`Dfl,CA,2nd,https://picsum.photos/454/695
Amy Castro,amycastro23it@vetias.ac.in,;S6Y*R-5,IT,2nd,https://dummyimage.com/70x239
Amber Taylor,ambertaylor22soc@vetias.ac.in,"e""O=s#dY",Sociology,3rd,https://dummyimage.com/819x719
Amanda Patterson,amandapatterson22ca@vetias.ac.in,e_qvGM\k,CA,3rd,https://dummyimage.com/182x880
Nancy Bell,nancybell22it@vetias.ac.in,"$',BVVwp",IT,3rd,https://dummyimage.com/101x813
Sean Allen,seanallen23it@vetias.ac.in,"hzJ7%""1_",IT,2nd,https://picsum.photos/615/431
Dr. Angela Horne,dr.angelahorne22soc@vetias.ac.in,.JGeTQ8q,Sociology,3rd,https://placekitten.com/664/846
Victoria Mcknight,victoriamcknight23bba@vetias.ac.in,C=U`}Cm_,BBA,2nd,https://picsum.photos/411/324
Hannah Ayala,hannahayala24soc@vetias.ac.in,VAr7DV>I,Sociology,1st,https://dummyimage.com/995x534
Tonya Berry,tonyaberry22ca@vetias.ac.in,s5-cp'-Y,CA,3rd,https://placekitten.com/329/97
Eric Fuentes,ericfuentes23aid@vetias.ac.in,vj3_Ir9W,AIDS,2nd,https://dummyimage.com/18x706
Troy Garcia,troygarcia22aid@vetias.ac.in,M\;`Kw}.,AIDS,3rd,https://picsum.photos/432/274
Mike Mann,mikemann22ca@vetias.ac.in,G*m!m!GD,CA,3rd,https://placekitten.com/282/877
Troy Watkins,troywatkins22bco@vetias.ac.in,8g(RO_j>,BCom,3rd,https://dummyimage.com/767x485
Zachary Peterson,zacharypeterson24ca@vetias.ac.in,o@#kG0>u,CA,1st,https://placekitten.com/227/626
Billy Sanchez,billysanchez24bba@vetias.ac.in,"UN~v,r3c",BBA,1st,https://dummyimage.com/177x256
Amy Webb,amywebb23ca@vetias.ac.in,=3l5tb0^,CA,2nd,https://placekitten.com/175/169
Traci Crawford,tracicrawford23ca@vetias.ac.in,od\5H%Td,CA,2nd,https://dummyimage.com/759x495
Jennifer Sherman,jennifersherman24soc@vetias.ac.in,ooX[R@\%,Sociology,1st,https://picsum.photos/549/693
Rodney Haley PhD,rodneyhaleyphd22aid@vetias.ac.in,4o_Ibg{D,AIDS,3rd,https://picsum.photos/464/940
Andrew Smith,andrewsmith23bba@vetias.ac.in,lin:O0=x,BBA,2nd,https://placekitten.com/821/867
William Clark,williamclark24bba@vetias.ac.in,:Xc3{7y],BBA,1st,https://placekitten.com/799/924
Adam Collins,adamcollins23bba@vetias.ac.in,z:_BXF9\,BBA,2nd,https://placekitten.com/115/730
Cassandra Vargas,cassandravargas24bba@vetias.ac.in,*nxJBd(<,BBA,1st,https://placekitten.com/453/511
Melanie Smith,melaniesmith22bco@vetias.ac.in,B$!M/'q2,BCom,3rd,https://picsum.photos/60/495
John Craig,johncraig24ca@vetias.ac.in,HC$Y.z;1,CA,1st,https://dummyimage.com/825x415
Dr. Dean Morrison,dr.deanmorrison24ca@vetias.ac.in,"""CV1N;JL",CA,1st,https://dummyimage.com/100x445
Robert Williams,robertwilliams22bba@vetias.ac.in,bS^ux^q&,BBA,3rd,https://picsum.photos/439/620
Amanda Baker,amandabaker22aid@vetias.ac.in,e.a].GD>,AIDS,3rd,https://dummyimage.com/10x434
Jennifer Blevins,jenniferblevins23it@vetias.ac.in,"I57kk-,+",IT,2nd,https://picsum.photos/807/809
Beth Fisher,bethfisher22ca@vetias.ac.in,P=K$RiYg,CA,3rd,https://dummyimage.com/819x697
Tammy Morris,tammymorris24bba@vetias.ac.in,MB.E&KgM,BBA,1st,https://placekitten.com/259/349
Christina Moran,christinamoran24bco@vetias.ac.in,IX7]%JZq,BCom,1st,https://dummyimage.com/346x672
Barry Jones,barryjones22aid@vetias.ac.in,JMuVQR/&,AIDS,3rd,https://dummyimage.com/1001x955
Allison Lin,allisonlin24ca@vetias.ac.in,8kZ<[pl],CA,1st,https://dummyimage.com/271x963
Julie Rhodes,julierhodes23aid@vetias.ac.in,B|n~I`g4,AIDS,2nd,https://placekitten.com/399/759
Nicholas Wood,nicholaswood24ca@vetias.ac.in,@9DKllhp,CA,1st,https://dummyimage.com/535x400
Jaime Green,jaimegreen22aid@vetias.ac.in,C-uW{l>6,AIDS,3rd,https://placekitten.com/948/82
Michelle Santana,michellesantana22bco@vetias.ac.in,5%jA)xQ;,BCom,3rd,https://placekitten.com/917/238
Robert Pierce,robertpierce23ca@vetias.ac.in,#v1(_1YP,CA,2nd,https://dummyimage.com/659x442
Ryan Dorsey,ryandorsey23bco@vetias.ac.in,5x1FZ=gJ,BCom,2nd,https://picsum.photos/247/300
Heather Carr,heathercarr22it@vetias.ac.in,mw.&Lx.*,IT,3rd,https://picsum.photos/216/655
Wesley Hamilton,wesleyhamilton22ca@vetias.ac.in,wfePj?xi,CA,3rd,https://placekitten.com/842/706
Christine Anderson,christineanderson23bco@vetias.ac.in,IW$`qnUB,BCom,2nd,https://placekitten.com/402/203
Rodney Ballard,rodneyballard22ca@vetias.ac.in,BoDff0R{,CA,3rd,https://picsum.photos/713/112
Yolanda Wheeler,yolandawheeler24bba@vetias.ac.in,B&oM\ar~,BBA,1st,https://dummyimage.com/862x49
Timothy Goodwin,timothygoodwin23bco@vetias.ac.in,~1ZEX_'$,BCom,2nd,https://placekitten.com/870/652
John Nelson,johnnelson23ca@vetias.ac.in,-*0&$@.2,CA,2nd,https://dummyimage.com/545x103
Tiffany Webb,tiffanywebb22aid@vetias.ac.in,Eb2`>U^?,AIDS,3rd,https://picsum.photos/171/177
Aaron Collins,aaroncollins22bba@vetias.ac.in,ufC0M=MT,BBA,3rd,https://dummyimage.com/379x93
Chris Price,chrisprice23it@vetias.ac.in,S-Q&zyx(,IT,2nd,https://dummyimage.com/795x638
Catherine Johnson,catherinejohnson22bba@vetias.ac.in,'U.X^yj_,BBA,3rd,https://picsum.photos/908/939
John Suarez,johnsuarez23aid@vetias.ac.in,~)@~3H$X,AIDS,2nd,https://picsum.photos/460/189
Scott Barr III,scottbarriii22bba@vetias.ac.in,"q0,:/9X!",BBA,3rd,https://placekitten.com/701/542
Amanda Nichols,amandanichols24ca@vetias.ac.in,GE~[cDTK,CA,1st,https://dummyimage.com/469x684
Matthew Smith,matthewsmith24it@vetias.ac.in,0M}Df=Tf,IT,1st,https://picsum.photos/672/68
Michael Austin,michaelaustin23bba@vetias.ac.in,"Ik!Z6_,@",BBA,2nd,https://dummyimage.com/711x630
Nancy Adkins,nancyadkins23soc@vetias.ac.in,+L.~LS2$,Sociology,2nd,https://picsum.photos/56/731
Stephanie Reed,stephaniereed24soc@vetias.ac.in,_N1e0Jq`,Sociology,1st,https://dummyimage.com/1014x759
Amy Cline,amycline23ca@vetias.ac.in,b4D5$miy,CA,2nd,https://placekitten.com/115/344
Wendy Reed,wendyreed24soc@vetias.ac.in,6@mb4i(2,Sociology,1st,https://dummyimage.com/698x328
Jennifer Serrano,jenniferserrano24it@vetias.ac.in,"{""i4/E7e",IT,1st,https://picsum.photos/913/136
Jesse Ramos,jesseramos24bco@vetias.ac.in,qBcR+z4i,BCom,1st,https://dummyimage.com/835x204
Stephen Kerr,stephenkerr24it@vetias.ac.in,">i#8HR""v",IT,1st,https://placekitten.com/907/445
Pamela Jones,pamelajones22bco@vetias.ac.in,6YQJ<fZy,BCom,3rd,https://dummyimage.com/124x362
Alexis Reid,alexisreid22it@vetias.ac.in,]HuE+FF|,IT,3rd,https://dummyimage.com/58x765
Amanda Baxter,amandabaxter24soc@vetias.ac.in,`1Nu#|zb,Sociology,1st,https://dummyimage.com/472x685
Megan Patterson,meganpatterson22bco@vetias.ac.in,wyLv;rpU,BCom,3rd,https://dummyimage.com/582x111
Katherine Strickland,katherinestrickland24aid@vetias.ac.in,68P}Do}~,AIDS,1st,https://picsum.photos/675/122
Sharon Chavez,sharonchavez22ca@vetias.ac.in,"8K,NHt$`",CA,3rd,https://placekitten.com/245/434
Anthony Rose,anthonyrose24bco@vetias.ac.in,e5Kw$5nX,BCom,1st,https://picsum.photos/1006/550
Gregory Brown,gregorybrown23bco@vetias.ac.in,"y3-C,M`!",BCom,2nd,https://placekitten.com/735/706
Michael Trujillo,michaeltrujillo23it@vetias.ac.in,+J':Ws~L,IT,2nd,https://placekitten.com/214/857
Loretta Sandoval,lorettasandoval24aid@vetias.ac.in,W<}CCB`q,AIDS,1st,https://picsum.photos/470/79
Edward Gilbert,edwardgilbert24bco@vetias.ac.in,"hj""hP7TC",BCom,1st,https://picsum.photos/202/331
Ian Garcia,iangarcia24it@vetias.ac.in,j((!]3ll,IT,1st,https://picsum.photos/385/302
Carl Williams,carlwilliams22bba@vetias.ac.in,N.mChj'8,BBA,3rd,https://dummyimage.com/829x705
Ryan Russell,ryanrussell22it@vetias.ac.in,=7c`A_!_,IT,3rd,https://placekitten.com/727/991
Rachel Mills,rachelmills24ca@vetias.ac.in,"""~pXrrNp",CA,1st,https://placekitten.com/583/683
Candice Maynard,candicemaynard23aid@vetias.ac.in,_^c4}?g/,AIDS,2nd,https://placekitten.com/15/929
Mark Jenkins,markjenkins23bco@vetias.ac.in,"\A@7""rkO",BCom,2nd,https://placekitten.com/144/899
David Stewart,davidstewart22bco@vetias.ac.in,Y1H2#m=z,BCom,3rd,https://picsum.photos/367/536
Craig Ward,craigward22bba@vetias.ac.in,VEBne<vU,BBA,3rd,https://dummyimage.com/722x311
Melissa Rose,melissarose23aid@vetias.ac.in,);DssC/r,AIDS,2nd,https://placekitten.com/853/144
Alicia Chavez,aliciachavez23bco@vetias.ac.in,kJHWv6y:,BCom,2nd,https://dummyimage.com/304x798
Debbie Wilson,debbiewilson22bba@vetias.ac.in,"9(""'urt{",BBA,3rd,https://picsum.photos/9/602
Jamie Ramsey,jamieramsey24soc@vetias.ac.in,"""C451<.0",Sociology,1st,https://dummyimage.com/854x249
Dr. Erik Singh,dr.eriksingh23bba@vetias.ac.in,QQpyUG)E,BBA,2nd,https://placekitten.com/36/817
April Thompson,aprilthompson23aid@vetias.ac.in,xAyWxxI>,AIDS,2nd,https://dummyimage.com/912x483
Marissa Garcia,marissagarcia22aid@vetias.ac.in,f)3.UBQB,AIDS,3rd,https://dummyimage.com/26x192
Jonathan Figueroa,jonathanfigueroa23bba@vetias.ac.in,HLli=B1+,BBA,2nd,https://placekitten.com/404/77
Ricardo Estrada,ricardoestrada24bco@vetias.ac.in,"""[(0/a-|",BCom,1st,https://placekitten.com/506/909
Steven Wyatt,stevenwyatt23soc@vetias.ac.in,z0^U:/!],Sociology,2nd,https://dummyimage.com/633x233
Bradley Lopez,bradleylopez22ca@vetias.ac.in,c/`T!IlP,CA,3rd,https://dummyimage.com/1009x460
Heidi Yoder,heidiyoder22ca@vetias.ac.in,=N&Kg}MY,CA,3rd,https://picsum.photos/91/19
Andrew Grant,andrewgrant23ca@vetias.ac.in,T&L(zU+&,CA,2nd,https://dummyimage.com/350x576
Rachel Reynolds,rachelreynolds22it@vetias.ac.in,\v:$5Cfo,IT,3rd,https://placekitten.com/360/462
Kyle Lane,kylelane23it@vetias.ac.in,0Z^h['[u,IT,2nd,https://picsum.photos/50/92
Destiny Hodge,destinyhodge23soc@vetias.ac.in,%Pa@p<);,Sociology,2nd,https://picsum.photos/58/686
Jeremy Acevedo,jeremyacevedo22soc@vetias.ac.in,2(i!bYuh,Sociology,3rd,https://picsum.photos/331/54
Philip Banks,philipbanks24ca@vetias.ac.in,4+oqQmN1,CA,1st,https://dummyimage.com/668x892
Sarah Cordova,sarahcordova23bba@vetias.ac.in,V^FqV?E@,BBA,2nd,https://picsum.photos/39/503
Daniel Anderson,danielanderson22bba@vetias.ac.in,BOuDDC^d,BBA,3rd,https://dummyimage.com/108x827
Peggy Young,peggyyoung23bba@vetias.ac.in,2Zn_fgbP,BBA,2nd,https://placekitten.com/443/671
Cory Smith,corysmith24bba@vetias.ac.in,gGFqGvY[,BBA,1st,https://picsum.photos/940/660
Joann Cole,joanncole23aid@vetias.ac.in,@W4xDFiZ,AIDS,2nd,https://dummyimage.com/564x748
Brittany Kim,brittanykim22aid@vetias.ac.in,GGiNIDZ#,AIDS,3rd,https://placekitten.com/877/379
Diana Walsh,dianawalsh23soc@vetias.ac.in,"um*hW3W,",Sociology,2nd,https://picsum.photos/442/68
Heather Foster,heatherfoster22soc@vetias.ac.in,Dr:Hn=h[,Sociology,3rd,https://dummyimage.com/782x783
Micheal Cohen,michealcohen24aid@vetias.ac.in,Hv\#-VrT,AIDS,1st,https://picsum.photos/511/40
Robert Wilson,robertwilson22ca@vetias.ac.in,"""[|8x8Op",CA,3rd,https://dummyimage.com/582x235
Kathleen Luna,kathleenluna23bba@vetias.ac.in,zim'P.Ll,BBA,2nd,https://dummyimage.com/194x915
Louis Brown,louisbrown24aid@vetias.ac.in,8_SG7`l_,AIDS,1st,https://dummyimage.com/329x250
Brian Lamb,brianlamb24ca@vetias.ac.in,!qJj75&7,CA,1st,https://picsum.photos/895/202
Lisa Griffith,lisagriffith24bco@vetias.ac.in,YQGjR~):,BCom,1st,https://dummyimage.com/864x212
Luis Jenkins,luisjenkins22bba@vetias.ac.in,[tBwdSl&,BBA,3rd,https://placekitten.com/784/514
Kristen Fry,kristenfry23bco@vetias.ac.in,=2N1uupm,BCom,2nd,https://dummyimage.com/253x172
Chelsea Harris,chelseaharris24bba@vetias.ac.in,8y[D\xLu,BBA,1st,https://dummyimage.com/585x552
Antonio Tran,antoniotran22bco@vetias.ac.in,W)D1yBk7,BCom,3rd,https://dummyimage.com/455x650
Mr. Jacob Luna,mr.jacobluna24ca@vetias.ac.in,"n!:r""/\L",CA,1st,https://picsum.photos/936/963
April Hines,aprilhines22ca@vetias.ac.in,Z<B1_wv{,CA,3rd,https://picsum.photos/789/457
Christine Bennett MD,christinebennettmd22ca@vetias.ac.in,jtxoumDZ,CA,3rd,https://dummyimage.com/69x717
Willie Mitchell,williemitchell22bba@vetias.ac.in,0%alJoV},BBA,3rd,https://placekitten.com/367/614
William Barton,williambarton24it@vetias.ac.in,}wm:!M.f,IT,1st,https://placekitten.com/672/94
Connie Smith,conniesmith23bco@vetias.ac.in,}.P4+j|8,BCom,2nd,https://dummyimage.com/917x996
David Hernandez,davidhernandez23aid@vetias.ac.in,3<w6h[+9,AIDS,2nd,https://picsum.photos/417/302
Adam Davidson,adamdavidson22bco@vetias.ac.in,"M""6[Xg!h",BCom,3rd,https://placekitten.com/409/68
Paul Bowen,paulbowen22it@vetias.ac.in,"WOhr0^,c",IT,3rd,https://dummyimage.com/585x361
Charles Mora,charlesmora22bba@vetias.ac.in,"--O5ea,~",BBA,3rd,https://dummyimage.com/393x709
Kathleen Garcia,kathleengarcia22ca@vetias.ac.in,"x{,^+L5X",CA,3rd,https://placekitten.com/621/181
Seth Baxter,sethbaxter24bco@vetias.ac.in,TDCp9Qk_,BCom,1st,https://placekitten.com/310/116
Regina Roberts,reginaroberts23it@vetias.ac.in,2FHd%YeO,IT,2nd,https://placekitten.com/612/137
James Stanley,jamesstanley22it@vetias.ac.in,7S$GTLdX,IT,3rd,https://picsum.photos/177/660
Anne Ray,anneray22it@vetias.ac.in,;M/?3gg4,IT,3rd,https://placekitten.com/822/294
Zachary Kelley,zacharykelley22ca@vetias.ac.in,V]Uf8}-^,CA,3rd,https://dummyimage.com/701x989
Christopher Austin,christopheraustin23bco@vetias.ac.in,p-cYD5D:,BCom,2nd,https://picsum.photos/806/586
Lauren Clarke,laurenclarke24aid@vetias.ac.in,~@0(9sem,AIDS,1st,https://placekitten.com/960/781
Lori Wells,loriwells24soc@vetias.ac.in,u#s@9V!V,Sociology,1st,https://dummyimage.com/563x104
Jeffrey Valdez,jeffreyvaldez23bco@vetias.ac.in,"7p,)bVm3",BCom,2nd,https://placekitten.com/342/279
Nicholas Garrett,nicholasgarrett24bba@vetias.ac.in,]]z|i1J|,BBA,1st,https://dummyimage.com/903x199
Gloria Howard,gloriahoward24bco@vetias.ac.in,#\aipkZQ,BCom,1st,https://placekitten.com/411/1022
Ana Galloway,anagalloway24it@vetias.ac.in,:n3%!BS+,IT,1st,https://placekitten.com/856/627
Richard Reed,richardreed24aid@vetias.ac.in,{6w(=n`\,AIDS,1st,https://placekitten.com/558/768
Darrell Lewis,darrelllewis23soc@vetias.ac.in,H2{nK&ij,Sociology,2nd,https://placekitten.com/837/804
Alexis Pruitt,alexispruitt22it@vetias.ac.in,>n(u%Ee(,IT,3rd,https://dummyimage.com/819x14
Thomas Good,thomasgood24soc@vetias.ac.in,rl0xf>IQ,Sociology,1st,https://picsum.photos/800/561
Natalie Hayes,nataliehayes23bco@vetias.ac.in,HZRK)BBr,BCom,2nd,https://placekitten.com/749/253
Travis Lester,travislester24bba@vetias.ac.in,s1Gml-0x,BBA,1st,https://picsum.photos/435/294
Stephen Willis,stephenwillis24soc@vetias.ac.in,!fq@^bD0,Sociology,1st,https://picsum.photos/756/94
Stephanie Peterson,stephaniepeterson22bco@vetias.ac.in,8IX:-2t7,BCom,3rd,https://placekitten.com/917/508
Katrina Hall,katrinahall23ca@vetias.ac.in,vzB.R&6',CA,2nd,https://dummyimage.com/421x485
Jose Mitchell,josemitchell24soc@vetias.ac.in,u%^7wh+\,Sociology,1st,https://dummyimage.com/801x459
Laura Johnson,laurajohnson24bba@vetias.ac.in,YeNK4&Wi,BBA,1st,https://picsum.photos/675/310
Alice Brown,alicebrown24bco@vetias.ac.in,Ln];rb>g,BCom,1st,https://placekitten.com/505/245
Vincent Best,vincentbest23it@vetias.ac.in,r1VE6MMZ,IT,2nd,https://dummyimage.com/58x704
Andrew Lewis,andrewlewis24ca@vetias.ac.in,HW-/K5^j,CA,1st,https://picsum.photos/1013/97
Veronica Lucero,veronicalucero22soc@vetias.ac.in,iT9@{6T1,Sociology,3rd,https://dummyimage.com/947x405
Rebecca Campbell,rebeccacampbell22bco@vetias.ac.in,FA6RfYGR,BCom,3rd,https://dummyimage.com/508x646
Andrew Anderson,andrewanderson22bba@vetias.ac.in,??MC)4e2,BBA,3rd,https://placekitten.com/1003/110
Jimmy Watts,jimmywatts23ca@vetias.ac.in,"%<G""uI]8",CA,2nd,https://dummyimage.com/578x590
Omar Lang,omarlang24bco@vetias.ac.in,al+.\gZ{,BCom,1st,https://picsum.photos/858/130
Miguel Smith,miguelsmith22bco@vetias.ac.in,:7K7D)vc,BCom,3rd,https://placekitten.com/562/140
Alison Walsh,alisonwalsh22soc@vetias.ac.in,drSEC8U!,Sociology,3rd,https://picsum.photos/121/770
Paul Sutton,paulsutton23bco@vetias.ac.in,7A_n3:W|,BCom,2nd,https://placekitten.com/375/734
Nicole Sanchez,nicolesanchez23it@vetias.ac.in,j^p=j=oU,IT,2nd,https://placekitten.com/18/558
Cassandra Ross,cassandraross22ca@vetias.ac.in,"Gb4u""7<a",CA,3rd,https://picsum.photos/822/866
Tracy Moore DVM,tracymooredvm23soc@vetias.ac.in,%H4}Y_Ov,Sociology,2nd,https://placekitten.com/1013/207
Stanley Decker,stanleydecker24soc@vetias.ac.in,",2k8Wd-*",Sociology,1st,https://placekitten.com/185/773
Taylor Powell,taylorpowell23soc@vetias.ac.in,Y/QptaD9,Sociology,2nd,https://placekitten.com/674/694
Corey Hood,coreyhood22ca@vetias.ac.in,"X:*=JY""H",CA,3rd,https://placekitten.com/712/170
Thomas Anderson,thomasanderson23bco@vetias.ac.in,7ZB$!@'G,BCom,2nd,https://placekitten.com/211/647
Ms. Alexandra Johnson MD,ms.alexandrajohnsonmd22bba@vetias.ac.in,vT1>Pw>+,BBA,3rd,https://dummyimage.com/178x944
Jackson Grant,jacksongrant24bco@vetias.ac.in,Mv6+fHh=,BCom,1st,https://dummyimage.com/514x208
Sandra Williams,sandrawilliams22ca@vetias.ac.in,"t+@C""sGC",CA,3rd,https://dummyimage.com/120x249
Angela Blake,angelablake24bco@vetias.ac.in,zTPfn11l,BCom,1st,https://dummyimage.com/221x127
Robert Smith,robertsmith24soc@vetias.ac.in,6i;%me}!,Sociology,1st,https://picsum.photos/767/214
Jason Barnett,jasonbarnett24bco@vetias.ac.in,q9TyWrcu,BCom,1st,https://picsum.photos/173/535
Deborah Higgins,deborahhiggins22ca@vetias.ac.in,}M%AP|~#,CA,3rd,https://picsum.photos/756/956
Regina Figueroa,reginafigueroa23ca@vetias.ac.in,.}f~(u'B,CA,2nd,https://placekitten.com/865/622
William Ramirez,williamramirez24soc@vetias.ac.in,cUg5{w&2,Sociology,1st,https://dummyimage.com/708x222
Teresa Morales,teresamorales22bba@vetias.ac.in,5t\|~0[|,BBA,3rd,https://picsum.photos/490/598
Rebecca Bell,rebeccabell24it@vetias.ac.in,/o7t7OeD,IT,1st,https://dummyimage.com/688x723
Emily Montes,emilymontes22bco@vetias.ac.in,"|7.']Ky""",BCom,3rd,https://placekitten.com/27/434
David Miller,davidmiller22soc@vetias.ac.in,['l5^!X+,Sociology,3rd,https://picsum.photos/270/827
Whitney Mcclain,whitneymcclain24aid@vetias.ac.in,WSk3$}Qr,AIDS,1st,https://placekitten.com/871/64
Catherine Baird,catherinebaird23bco@vetias.ac.in,l~qcY]vj,BCom,2nd,https://dummyimage.com/938x831
Deborah Contreras,deborahcontreras22bco@vetias.ac.in,*_qZDk*',BCom,3rd,https://picsum.photos/912/220
Michelle Savage,michellesavage23aid@vetias.ac.in,FnyU3I``,AIDS,2nd,https://placekitten.com/499/210
Sara Weeks,saraweeks24soc@vetias.ac.in,>A`=i%T^,Sociology,1st,https://dummyimage.com/687x112
Rebecca Melton,rebeccamelton22bba@vetias.ac.in,",_ZD+L']",BBA,3rd,https://picsum.photos/1017/413
Stephen Spencer,stephenspencer24soc@vetias.ac.in,MFgLQ{6<,Sociology,1st,https://placekitten.com/42/707
Mackenzie Doyle,mackenziedoyle22it@vetias.ac.in,=[NQ:S<V,IT,3rd,https://placekitten.com/614/696
Annette Guzman,annetteguzman22bba@vetias.ac.in,"`sf""=)~^",BBA,3rd,https://picsum.photos/171/711
Eric Goodwin,ericgoodwin23bco@vetias.ac.in,cG+06uO<,BCom,2nd,https://picsum.photos/446/675
Sheena Roberts,sheenaroberts22bba@vetias.ac.in,4#nd_wEL,BBA,3rd,https://placekitten.com/724/103
Casey Mosley,caseymosley23it@vetias.ac.in,_)jg3a\k,IT,2nd,https://placekitten.com/191/534
Eddie Rogers,eddierogers23aid@vetias.ac.in,"{FddOB1""",AIDS,2nd,https://dummyimage.com/827x370
Susan Lopez,susanlopez24aid@vetias.ac.in,"3%,!}1+e",AIDS,1st,https://placekitten.com/944/82
Terri Charles,terricharles24aid@vetias.ac.in,!tQK}nAz,AIDS,1st,https://dummyimage.com/674x53
Kenneth Blair,kennethblair23soc@vetias.ac.in,5nr`4A]},Sociology,2nd,https://placekitten.com/127/159
Christopher House,christopherhouse22bco@vetias.ac.in,"Ca,*''pm",BCom,3rd,https://placekitten.com/807/1007
Ashley Hunt,ashleyhunt23ca@vetias.ac.in,y[FibY2O,CA,2nd,https://picsum.photos/411/969
Joel Hernandez,joelhernandez24soc@vetias.ac.in,"u:,ehXj'",Sociology,1st,https://dummyimage.com/145x891
Laura Bell,laurabell23bco@vetias.ac.in,"`'@,@e/&",BCom,2nd,https://placekitten.com/248/870
James Johnston,jamesjohnston24ca@vetias.ac.in,vbADLtkW,CA,1st,https://dummyimage.com/173x655
Barbara Carter,barbaracarter24bco@vetias.ac.in,`g(l[>)P,BCom,1st,https://picsum.photos/1024/43
Christopher Luna,christopherluna22ca@vetias.ac.in,cN#b/[||,CA,3rd,https://picsum.photos/61/475
Kimberly Martinez,kimberlymartinez23bco@vetias.ac.in,%#bR=D[w,BCom,2nd,https://dummyimage.com/733x856
Judith Harrison,judithharrison24bba@vetias.ac.in,caF<]uSr,BBA,1st,https://dummyimage.com/991x35
Rita Poole,ritapoole22ca@vetias.ac.in,0UFWt=3f,CA,3rd,https://picsum.photos/285/415
Diane Villegas,dianevillegas23aid@vetias.ac.in,xo@XS0jQ,AIDS,2nd,https://dummyimage.com/873x395
Steven Mcfarland,stevenmcfarland23soc@vetias.ac.in,${Tye)O;,Sociology,2nd,https://placekitten.com/278/394
Katie Stein,katiestein23ca@vetias.ac.in,0'6;jz=N,CA,2nd,https://picsum.photos/997/764
Andrea Lewis,andrealewis22bba@vetias.ac.in,g}li.:[-,BBA,3rd,https://picsum.photos/354/543
Tiffany Shepherd,tiffanyshepherd23bco@vetias.ac.in,DoSvhfoA,BCom,2nd,https://picsum.photos/817/1016
Mrs. Susan Johnson,mrs.susanjohnson22bba@vetias.ac.in,z|q!{['/,BBA,3rd,https://picsum.photos/981/479
Michael Williams,michaelwilliams24soc@vetias.ac.in,4S;j>sNy,Sociology,1st,https://placekitten.com/313/5
Wanda Simpson,wandasimpson24aid@vetias.ac.in,"woO=I,k$",AIDS,1st,https://placekitten.com/560/480
Jacob Jenkins,jacobjenkins23it@vetias.ac.in,/;B)l^cs,IT,2nd,https://picsum.photos/180/378
Taylor Carter,taylorcarter24ca@vetias.ac.in,1>SEcbG*,CA,1st,https://placekitten.com/506/485
Sandra Smith,sandrasmith22soc@vetias.ac.in,C#@%)X;:,Sociology,3rd,https://picsum.photos/567/377
Jennifer Lewis,jenniferlewis22aid@vetias.ac.in,";+NH\>r""",AIDS,3rd,https://dummyimage.com/784x987
Angelica Padilla,angelicapadilla23bco@vetias.ac.in,nK:oo^=\,BCom,2nd,https://picsum.photos/601/840
Kevin Pitts,kevinpitts22bba@vetias.ac.in,^G`7`IPD,BBA,3rd,https://placekitten.com/480/993
Sharon Garcia,sharongarcia24aid@vetias.ac.in,",""Yl|UoB",AIDS,1st,https://placekitten.com/201/656
Kristina Flores,kristinaflores22bba@vetias.ac.in,FV@|6<rf,BBA,3rd,https://picsum.photos/34/702
John Austin,johnaustin22ca@vetias.ac.in,6iHi/~(C,CA,3rd,https://placekitten.com/121/937
Brad Jones,bradjones23aid@vetias.ac.in,F|$7b^|`,AIDS,2nd,https://picsum.photos/456/93
Danielle Cardenas,daniellecardenas22bba@vetias.ac.in,F~$?&VtG,BBA,3rd,https://placekitten.com/377/107
Patricia Parker,patriciaparker22soc@vetias.ac.in,IU[YY_=2,Sociology,3rd,https://dummyimage.com/450x506
Anthony Mann,anthonymann23aid@vetias.ac.in,wa}6D!p+,AIDS,2nd,https://picsum.photos/10/802
Juan Colon,juancolon22bco@vetias.ac.in,6L>T4dU:,BCom,3rd,https://picsum.photos/950/130
Mario Houston,mariohouston23bco@vetias.ac.in,zupbGQ}},BCom,2nd,https://dummyimage.com/552x747
Kathy Gibson,kathygibson22it@vetias.ac.in,"<e,:U8b&",IT,3rd,https://dummyimage.com/723x60
Diana Wright,dianawright24soc@vetias.ac.in,"b""NeeqV'",Sociology,1st,https://placekitten.com/744/751
Eric Phillips,ericphillips22aid@vetias.ac.in,"d%@',~V(",AIDS,3rd,https://placekitten.com/718/659
Isaac Green,isaacgreen23ca@vetias.ac.in,/{e&/:#G,CA,2nd,https://dummyimage.com/682x746
Amanda Mccarthy,amandamccarthy24soc@vetias.ac.in,[snF\OR_,Sociology,1st,https://picsum.photos/20/249
Travis Munoz,travismunoz23it@vetias.ac.in,RvP[Z;d(,IT,2nd,https://dummyimage.com/431x859
Michael Sanchez,michaelsanchez23bba@vetias.ac.in,O'dN+Sg%,BBA,2nd,https://placekitten.com/568/456
Shawn Webb,shawnwebb22bco@vetias.ac.in,"lEj,Vl?""",BCom,3rd,https://picsum.photos/904/241
Abigail Jensen,abigailjensen24ca@vetias.ac.in,!?@-Ex3p,CA,1st,https://picsum.photos/424/570
Stephanie Carter,stephaniecarter22bba@vetias.ac.in,{'U7Pb*L,BBA,3rd,https://placekitten.com/482/537
Dustin Rush,dustinrush23soc@vetias.ac.in,=/(tPu{\,Sociology,2nd,https://dummyimage.com/766x122
Kenneth Melendez,kennethmelendez24bco@vetias.ac.in,"boK,;WuU",BCom,1st,https://placekitten.com/372/722
Dr. Ryan Gill,dr.ryangill24bba@vetias.ac.in,<:Aam_(L,BBA,1st,https://placekitten.com/787/626
Miguel Jones,migueljones24ca@vetias.ac.in,"Z4&`,?ay",CA,1st,https://picsum.photos/306/573
Sarah Valdez,sarahvaldez23bba@vetias.ac.in,ZI>~wmcU,BBA,2nd,https://dummyimage.com/40x945
Matthew Sosa,matthewsosa23bco@vetias.ac.in,ZgM]piNY,BCom,2nd,https://dummyimage.com/949x774
Katherine Vasquez,katherinevasquez22ca@vetias.ac.in,4Scx9DPe,CA,3rd,https://dummyimage.com/294x1004
Brian Page,brianpage23aid@vetias.ac.in,[EA4|MWt,AIDS,2nd,https://picsum.photos/270/324
Lindsey Castillo,lindseycastillo23aid@vetias.ac.in,&{iNyO+I,AIDS,2nd,https://picsum.photos/223/421
Melissa Marks,melissamarks24aid@vetias.ac.in,&gScw~38,AIDS,1st,https://picsum.photos/505/693
Jennifer Rodriguez,jenniferrodriguez23aid@vetias.ac.in,C=WA)fr5,AIDS,2nd,https://placekitten.com/721/458
Jeffrey Liu,jeffreyliu23aid@vetias.ac.in,W1x|k/PS,AIDS,2nd,https://picsum.photos/966/980
Julie Weaver,julieweaver24bco@vetias.ac.in,w*8q:X)',BCom,1st,https://placekitten.com/881/773
Rachel Sosa,rachelsosa23soc@vetias.ac.in,"""wuH""%sK",Sociology,2nd,https://dummyimage.com/614x888
Jerry Daniels,jerrydaniels23it@vetias.ac.in,Xt`g+_mk,IT,2nd,https://dummyimage.com/987x524
Justin Harvey,justinharvey22it@vetias.ac.in,"\yiAHap,",IT,3rd,https://picsum.photos/992/486
Gregory Burgess,gregoryburgess22bco@vetias.ac.in,LOepAc!z,BCom,3rd,https://picsum.photos/345/702
Wayne Sherman,waynesherman24soc@vetias.ac.in,Y\?$<$~<,Sociology,1st,https://placekitten.com/544/214
Rachael Anderson,rachaelanderson24soc@vetias.ac.in,Dn4^=_k9,Sociology,1st,https://dummyimage.com/584x1
Jennifer Bell,jenniferbell22bba@vetias.ac.in,%7EYgVLp,BBA,3rd,https://dummyimage.com/556x1001
Angela Wolfe,angelawolfe23aid@vetias.ac.in,s*lQuck@,AIDS,2nd,https://picsum.photos/403/921
Nancy Perry,nancyperry24it@vetias.ac.in,Ja^&@6t2,IT,1st,https://dummyimage.com/228x102
Joseph Turner,josephturner24aid@vetias.ac.in,wJh|;H&4,AIDS,1st,https://picsum.photos/168/688
Ashley Contreras,ashleycontreras24soc@vetias.ac.in,^2q08c:C,Sociology,1st,https://dummyimage.com/549x656
Cynthia Lynn,cynthialynn24bba@vetias.ac.in,nB-zx?Cw,BBA,1st,https://placekitten.com/688/488
Stephanie Fisher,stephaniefisher23aid@vetias.ac.in,;eyjG[.n,AIDS,2nd,https://dummyimage.com/348x444
Paul Mitchell,paulmitchell22bba@vetias.ac.in,Os`VTr0W,BBA,3rd,https://dummyimage.com/936x99
Sarah White,sarahwhite22bba@vetias.ac.in,*'!Crr!6,BBA,3rd,https://picsum.photos/78/225
John Rush,johnrush24bba@vetias.ac.in,"Yrf5,jFl",BBA,1st,https://placekitten.com/422/553
Jeffrey Campbell,jeffreycampbell22it@vetias.ac.in,E/Nd'9JB,IT,3rd,https://placekitten.com/131/855
Carlos Hart,carloshart22it@vetias.ac.in,3_`IXUB`,IT,3rd,https://dummyimage.com/982x973
Michael Smith,michaelsmith24aid@vetias.ac.in,mn@l*Mx@,AIDS,1st,https://picsum.photos/240/204
Amanda Torres,amandatorres22soc@vetias.ac.in,m-eYxU/-,Sociology,3rd,https://dummyimage.com/864x642
Kristen Parker,kristenparker23ca@vetias.ac.in,Mbvd%dPG,CA,2nd,https://placekitten.com/307/380
Sheila Whitehead,sheilawhitehead22soc@vetias.ac.in,1YyJ[Jo#,Sociology,3rd,https://placekitten.com/919/226
Randy Pope,randypope22it@vetias.ac.in,X`?y~6r7,IT,3rd,https://placekitten.com/324/446
Mr. Carlos Green,mr.carlosgreen22it@vetias.ac.in,^/_<'dmf,IT,3rd,https://placekitten.com/642/968
Dawn Thompson,dawnthompson23soc@vetias.ac.in,"""GJS_uBy",Sociology,2nd,https://picsum.photos/224/273
Nicholas Robinson,nicholasrobinson22aid@vetias.ac.in,_gd7*m88,AIDS,3rd,https://placekitten.com/828/569
Richard Nicholson,richardnicholson24ca@vetias.ac.in,"(B5""JoLP",CA,1st,https://picsum.photos/110/938
Debra Thomas,debrathomas24aid@vetias.ac.in,`N=;X+4;,AIDS,1st,https://placekitten.com/335/1005
Kathleen Bowers,kathleenbowers22soc@vetias.ac.in,]PXn(C^b,Sociology,3rd,https://picsum.photos/150/981
Hannah Howe DDS,hannahhowedds22it@vetias.ac.in,')4]+UU5,IT,3rd,https://dummyimage.com/1002x363
Amanda Clark,amandaclark24aid@vetias.ac.in,FudtO3]h,AIDS,1st,https://picsum.photos/655/166
Jennifer Wilson,jenniferwilson23bco@vetias.ac.in,gs}Jyvx6,BCom,2nd,https://picsum.photos/235/432
Jessica Meyers,jessicameyers22bba@vetias.ac.in,+U^Zdw`g,BBA,3rd,https://dummyimage.com/623x287
Victor Blackburn,victorblackburn24ca@vetias.ac.in,!f{ZCG@U,CA,1st,https://dummyimage.com/375x477
Elizabeth Davis,elizabethdavis22soc@vetias.ac.in,4\C6Cm@6,Sociology,3rd,https://dummyimage.com/97x459
Debra Fleming,debrafleming24aid@vetias.ac.in,mb4eCkrB,AIDS,1st,https://placekitten.com/186/396
Linda Hogan,lindahogan22ca@vetias.ac.in,QE[qty>z,CA,3rd,https://placekitten.com/360/251
Kenneth Davis,kennethdavis23ca@vetias.ac.in,]U]n)12O,CA,2nd,https://placekitten.com/539/579
Michael Sanders,michaelsanders22bba@vetias.ac.in,]`'cX(yy,BBA,3rd,https://picsum.photos/163/997
Megan Davis,megandavis23it@vetias.ac.in,;;jRe:cn,IT,2nd,https://dummyimage.com/747x651
Andre Peterson,andrepeterson24bba@vetias.ac.in,EgeI\(^Y,BBA,1st,https://placekitten.com/220/834
Sarah King,sarahking24ca@vetias.ac.in,on%xv@PJ,CA,1st,https://picsum.photos/788/401
Jason Wheeler,jasonwheeler23ca@vetias.ac.in,uUexCh1D,CA,2nd,https://picsum.photos/263/385
Pamela Roberts,pamelaroberts22bba@vetias.ac.in,ptmX6k]P,BBA,3rd,https://placekitten.com/865/978
Brandon Bell,brandonbell23ca@vetias.ac.in,*JyV]%Za,CA,2nd,https://picsum.photos/817/489
Larry Larson,larrylarson22soc@vetias.ac.in,ty&$+pvB,Sociology,3rd,https://dummyimage.com/960x335
Alexandra Ballard,alexandraballard23bba@vetias.ac.in,ezx0#0V-,BBA,2nd,https://dummyimage.com/329x653
Christopher Moreno,christophermoreno24soc@vetias.ac.in,-nH$$aN.,Sociology,1st,https://placekitten.com/707/544
Julie Rocha,julierocha24aid@vetias.ac.in,qD8zw3D-,AIDS,1st,https://dummyimage.com/670x330
Nicole Long,nicolelong23it@vetias.ac.in,5xu[g2n4,IT,2nd,https://dummyimage.com/740x1018
Gina Cox,ginacox24soc@vetias.ac.in,]94fl_T{,Sociology,1st,https://picsum.photos/454/789
Bryan Ochoa,bryanochoa24bba@vetias.ac.in,%3q0Ec\v,BBA,1st,https://picsum.photos/665/29
Danielle Morris,daniellemorris24bco@vetias.ac.in,TH/*kA6e,BCom,1st,https://picsum.photos/635/776
Leslie Adams,leslieadams24soc@vetias.ac.in,fyH;nm'i,Sociology,1st,https://placekitten.com/659/178
Kathryn Roman,kathrynroman22it@vetias.ac.in,K;#Y1!P*,IT,3rd,https://dummyimage.com/741x854
Keith Brown,keithbrown24soc@vetias.ac.in,)-*saiM.,Sociology,1st,https://picsum.photos/398/144
Lisa Riley,lisariley24ca@vetias.ac.in,d:cK%027,CA,1st,https://placekitten.com/652/354
Christian Burke,christianburke23it@vetias.ac.in,"V8,h~XH)",IT,2nd,https://dummyimage.com/609x171
Christopher Walker,christopherwalker22aid@vetias.ac.in,n\(.8qsb,AIDS,3rd,https://placekitten.com/820/624
Leah Rios,leahrios24it@vetias.ac.in,=BXgj_`b,IT,1st,https://dummyimage.com/190x604
Daniel Bennett,danielbennett24soc@vetias.ac.in,C$ld5Oj:,Sociology,1st,https://dummyimage.com/108x596
Crystal Garcia,crystalgarcia22aid@vetias.ac.in,4_VV1veW,AIDS,3rd,https://dummyimage.com/285x296
Ethan Vincent,ethanvincent24soc@vetias.ac.in,FW1ZBxEl,Sociology,1st,https://placekitten.com/578/430
Dawn Schmitt,dawnschmitt23bba@vetias.ac.in,adsoheF2,BBA,2nd,https://picsum.photos/298/850
Jeffery Bennett,jefferybennett24it@vetias.ac.in,Q<KLYfm),IT,1st,https://dummyimage.com/826x272
Ashley Rodriguez,ashleyrodriguez22soc@vetias.ac.in,]ulc`xD;,Sociology,3rd,https://picsum.photos/548/478
Jessica Huang,jessicahuang22bba@vetias.ac.in,*{}--.#|,BBA,3rd,https://dummyimage.com/748x21
Elizabeth Wood,elizabethwood23bba@vetias.ac.in,]8h7E;C7,BBA,2nd,https://placekitten.com/539/803
Rebecca Joseph,rebeccajoseph24soc@vetias.ac.in,%Ob=89[#,Sociology,1st,https://picsum.photos/434/570
Cynthia Higgins,cynthiahiggins24aid@vetias.ac.in,6~F?MUx*,AIDS,1st,https://placekitten.com/586/119
David Martinez,davidmartinez22ca@vetias.ac.in,sk0KLPvL,CA,3rd,https://dummyimage.com/924x804
Christina White,christinawhite24aid@vetias.ac.in,C2s&UWL*,AIDS,1st,https://dummyimage.com/95x735
Debbie Jenkins,debbiejenkins22bba@vetias.ac.in,*^3&msLw,BBA,3rd,https://placekitten.com/669/621
Barbara Gonzalez,barbaragonzalez22bco@vetias.ac.in,!EQ/UowG,BCom,3rd,https://dummyimage.com/824x509
Jennifer Chung,jenniferchung24bco@vetias.ac.in,IFlft5pB,BCom,1st,https://placekitten.com/450/240
Joseph Mercado,josephmercado23bco@vetias.ac.in,<xzcsdC(,BCom,2nd,https://dummyimage.com/960x579
Kyle Peterson,kylepeterson22aid@vetias.ac.in,dR?BSzlB,AIDS,3rd,https://dummyimage.com/712x735
Cameron Howard,cameronhoward23soc@vetias.ac.in,S1Ju^6.m,Sociology,2nd,https://dummyimage.com/19x42
Michelle Gray,michellegray22soc@vetias.ac.in,`}o0z/XH,Sociology,3rd,https://dummyimage.com/451x574
Troy Thompson,troythompson24ca@vetias.ac.in,:7+F1sWT,CA,1st,https://dummyimage.com/516x215
Ashley Jenkins,ashleyjenkins24it@vetias.ac.in,"\]o~,D3h",IT,1st,https://dummyimage.com/17x550
Lisa Duffy,lisaduffy23it@vetias.ac.in,H_vYYg5O,IT,2nd,https://dummyimage.com/766x812
Melissa Rowe,melissarowe22it@vetias.ac.in,[ER<kgui,IT,3rd,https://placekitten.com/776/49
Heather Salazar,heathersalazar24soc@vetias.ac.in,0&spkUGX,Sociology,1st,https://dummyimage.com/814x253
Jennifer Jones,jenniferjones23it@vetias.ac.in,F!>}lb{x,IT,2nd,https://dummyimage.com/3x903
Melinda Newman,melindanewman23bco@vetias.ac.in,CFu?o7{H,BCom,2nd,https://picsum.photos/5/451
Michael Matthews,michaelmatthews22bco@vetias.ac.in,r\9?V-aX,BCom,3rd,https://picsum.photos/520/528
Tracey Green,traceygreen22soc@vetias.ac.in,.a'S$P-b,Sociology,3rd,https://placekitten.com/1008/569
William Roberts,williamroberts22ca@vetias.ac.in,''t+<l(4,CA,3rd,https://placekitten.com/23/474
Shane Moore,shanemoore24bba@vetias.ac.in,~@M+zG;;,BBA,1st,https://picsum.photos/285/744
Renee Reynolds,reneereynolds24it@vetias.ac.in,*ZS4+AF|,IT,1st,https://dummyimage.com/414x577
Maria Flores,mariaflores24it@vetias.ac.in,7;cA[!?Y,IT,1st,https://dummyimage.com/722x82
Theresa Mills,theresamills23it@vetias.ac.in,Jw~qR1Oj,IT,2nd,https://placekitten.com/332/1003
James Ford,jamesford22aid@vetias.ac.in,"CrbnD,cf",AIDS,3rd,https://placekitten.com/543/255
Robyn Gray,robyngray23aid@vetias.ac.in,@k/Cw9`7,AIDS,2nd,https://placekitten.com/443/969
Lisa Duncan,lisaduncan24aid@vetias.ac.in,JcSriTq),AIDS,1st,https://placekitten.com/101/642
Miguel Villa,miguelvilla22ca@vetias.ac.in,YA6uX$O4,CA,3rd,https://dummyimage.com/105x192
David Salinas,davidsalinas24ca@vetias.ac.in,PwCj0W(^,CA,1st,https://picsum.photos/257/498
Chad Sanchez,chadsanchez22bba@vetias.ac.in,NMMVo&@q,BBA,3rd,https://placekitten.com/108/291
Robert Norman,robertnorman24aid@vetias.ac.in,<h9:E=cu,AIDS,1st,https://dummyimage.com/295x798
Joseph Newman,josephnewman23it@vetias.ac.in,@DrX@KB;,IT,2nd,https://picsum.photos/29/877
Stephen Richards,stephenrichards24bco@vetias.ac.in,-JOunhqf,BCom,1st,https://picsum.photos/401/326
Melanie Nicholson,melanienicholson22soc@vetias.ac.in,a]-O[<TD,Sociology,3rd,https://dummyimage.com/117x724
Sheila Watts,sheilawatts24bba@vetias.ac.in,"P[-::t/""",BBA,1st,https://placekitten.com/312/657
Kurt Snyder,kurtsnyder22bco@vetias.ac.in,Rdmsn_^e,BCom,3rd,https://picsum.photos/774/459
Amy Wright,amywright23aid@vetias.ac.in,mqu+7UpA,AIDS,2nd,https://picsum.photos/84/158
Joseph Hahn,josephhahn24soc@vetias.ac.in,MW)_4r`0,Sociology,1st,https://placekitten.com/788/8
William Rubio,williamrubio24bco@vetias.ac.in,")Oe\U""I0",BCom,1st,https://placekitten.com/37/365
Daniel Brady,danielbrady24bco@vetias.ac.in,%*AbUurk,BCom,1st,https://picsum.photos/616/847
William Poole,williampoole23bba@vetias.ac.in,mZFr#jpF,BBA,2nd,https://picsum.photos/536/452
Hannah Clark,hannahclark23ca@vetias.ac.in,"d~I""V&py",CA,2nd,https://picsum.photos/895/580
Kyle Williams MD,kylewilliamsmd23bco@vetias.ac.in,}pfUcb2B,BCom,2nd,https://dummyimage.com/189x777
Leah Gomez,leahgomez23soc@vetias.ac.in,$p5NJEUB,Sociology,2nd,https://picsum.photos/60/141
Kent Chaney,kentchaney23ca@vetias.ac.in,_v86_h]i,CA,2nd,https://picsum.photos/111/235
Kristen Moore,kristenmoore23bco@vetias.ac.in,g=GpI)Gt,BCom,2nd,https://placekitten.com/848/671
Emily Garcia,emilygarcia24bco@vetias.ac.in,1.<u]H)(,BCom,1st,https://placekitten.com/568/862
Connor Harrison,connorharrison23bba@vetias.ac.in,<req6R)S,BBA,2nd,https://dummyimage.com/818x693
Daniel Shaffer,danielshaffer22it@vetias.ac.in,"2(z5/W,q",IT,3rd,https://dummyimage.com/644x805
Derrick White,derrickwhite23soc@vetias.ac.in,-:tjhH]s,Sociology,2nd,https://picsum.photos/488/305
Richard Johnson,richardjohnson24bco@vetias.ac.in,+cFPwin!,BCom,1st,https://placekitten.com/358/388
Mary Anderson,maryanderson22soc@vetias.ac.in,_hpm4Svj,Sociology,3rd,https://dummyimage.com/1004x606
Joseph Simon,josephsimon23aid@vetias.ac.in,"(u$:""?ZO",AIDS,2nd,https://dummyimage.com/1020x81
Brian Hernandez,brianhernandez24bco@vetias.ac.in,eNUxZWQ0,BCom,1st,https://picsum.photos/322/134
Jennifer Palmer,jenniferpalmer22ca@vetias.ac.in,dwC{-F[G,CA,3rd,https://dummyimage.com/827x285
Jennifer Wright,jenniferwright23aid@vetias.ac.in,pyj*q[*6,AIDS,2nd,https://placekitten.com/895/904
Susan Schwartz,susanschwartz22it@vetias.ac.in,":o;""X)/I",IT,3rd,https://picsum.photos/389/860
Mark Perkins,markperkins22it@vetias.ac.in,`1O`?_=V,IT,3rd,https://picsum.photos/63/785
Dr. Peter Mcdonald,dr.petermcdonald23soc@vetias.ac.in,D:FSw-8|,Sociology,2nd,https://dummyimage.com/14x451
Christopher Brown,christopherbrown22it@vetias.ac.in,"j~mYTBg,",IT,3rd,https://dummyimage.com/308x95
Mary Watkins,marywatkins23bba@vetias.ac.in,"z""AYzKvY",BBA,2nd,https://placekitten.com/109/40
Charles Chaney,charleschaney23aid@vetias.ac.in,mAW\td9g,AIDS,2nd,https://placekitten.com/887/173
Jordan Villegas,jordanvillegas22ca@vetias.ac.in,>NX~e/5s,CA,3rd,https://dummyimage.com/421x792
Jackie Phillips,jackiephillips23ca@vetias.ac.in,+!87+03v,CA,2nd,https://dummyimage.com/921x216
James Jefferson,jamesjefferson23bba@vetias.ac.in,|j!^+ln],BBA,2nd,https://dummyimage.com/878x924
Julia Parsons,juliaparsons24ca@vetias.ac.in,$HC7dc);,CA,1st,https://placekitten.com/721/825
Jacqueline Wright,jacquelinewright23it@vetias.ac.in,b^;9W>[W,IT,2nd,https://dummyimage.com/352x426
Jessica Cardenas,jessicacardenas22soc@vetias.ac.in,agNeI+`?,Sociology,3rd,https://picsum.photos/772/183
Eugene Ellis,eugeneellis22ca@vetias.ac.in,"vPYt8TO,",CA,3rd,https://placekitten.com/530/646
Yolanda Mendez,yolandamendez24bco@vetias.ac.in,#GFC0#J.,BCom,1st,https://dummyimage.com/5x816
Matthew Smith,matthewsmith24ca@vetias.ac.in,7PnA5XCH,CA,1st,https://placekitten.com/1015/437
Ryan Anderson,ryananderson24bba@vetias.ac.in,B]<7Y#d+,BBA,1st,https://picsum.photos/316/93
Sarah Kemp,sarahkemp23bba@vetias.ac.in,_aq?E+$:,BBA,2nd,https://picsum.photos/419/566
Deborah Vasquez,deborahvasquez22it@vetias.ac.in,ihF=T*cu,IT,3rd,https://picsum.photos/71/716
Leah Walters,leahwalters24soc@vetias.ac.in,2nqZ0~jz,Sociology,1st,https://dummyimage.com/467x957
Mrs. Kelsey Williams,mrs.kelseywilliams23bco@vetias.ac.in,O0=$0%mE,BCom,2nd,https://picsum.photos/200/81
Eric Griffin,ericgriffin24soc@vetias.ac.in,KKC6ET'&,Sociology,1st,https://placekitten.com/745/143
Elizabeth Tanner,elizabethtanner24bco@vetias.ac.in,}+l?(`p3,BCom,1st,https://picsum.photos/712/566
Travis Reese,travisreese23bco@vetias.ac.in,3/5*s'A!,BCom,2nd,https://placekitten.com/806/658
Brenda Harris,brendaharris22soc@vetias.ac.in,xQ'i`0<e,Sociology,3rd,https://picsum.photos/416/397
Nicole Schultz,nicoleschultz22bba@vetias.ac.in,JtmHIML},BBA,3rd,https://placekitten.com/250/353
Nathan Whitehead,nathanwhitehead22ca@vetias.ac.in,nhy][a%',CA,3rd,https://dummyimage.com/11x371
Brandon Murphy,brandonmurphy24it@vetias.ac.in,GHP-~=7Z,IT,1st,https://dummyimage.com/54x262
Judy Taylor,judytaylor22soc@vetias.ac.in,"U,e&DDGX",Sociology,3rd,https://dummyimage.com/307x311
Miranda Walters,mirandawalters24aid@vetias.ac.in,"p_/1v9""J",AIDS,1st,https://placekitten.com/44/915
Terry Ingram,terryingram22it@vetias.ac.in,m=jny/+9,IT,3rd,https://placekitten.com/239/695
Tony Hayes,tonyhayes22bco@vetias.ac.in,ogOj]m+F,BCom,3rd,https://placekitten.com/972/897
Nicole Powell,nicolepowell23ca@vetias.ac.in,"fM1',o|A",CA,2nd,https://placekitten.com/195/597
Ian Henderson,ianhenderson22ca@vetias.ac.in,/h`Ss:^x,CA,3rd,https://picsum.photos/231/945
Jeffrey Figueroa,jeffreyfigueroa23it@vetias.ac.in,>qoI&|ZJ,IT,2nd,https://picsum.photos/528/623
Tiffany Wright,tiffanywright23it@vetias.ac.in,L5#.hHfr,IT,2nd,https://placekitten.com/602/696
Amber Garcia,ambergarcia22ca@vetias.ac.in,"{qHL+,f'",CA,3rd,https://picsum.photos/467/846
Adrian Moran,adrianmoran22ca@vetias.ac.in,{:;S75&R,CA,3rd,https://placekitten.com/194/881
Brian Crawford,briancrawford23ca@vetias.ac.in,D\M#_b/~,CA,2nd,https://placekitten.com/221/152
Sue Green,suegreen23bco@vetias.ac.in,"24""j5""D,",BCom,2nd,https://picsum.photos/638/500
Sarah Fischer,sarahfischer24it@vetias.ac.in,",QFwX<v8",IT,1st,https://placekitten.com/895/325
Jennifer Lopez,jenniferlopez23soc@vetias.ac.in,t~&2[-nc,Sociology,2nd,https://picsum.photos/950/228
Kimberly Hudson,kimberlyhudson22bco@vetias.ac.in,g6nd/*i/,BCom,3rd,https://picsum.photos/556/317
Jessica Shaffer,jessicashaffer22bco@vetias.ac.in,}c<;P13(,BCom,3rd,https://picsum.photos/212/864
Rebecca Wilson,rebeccawilson24bba@vetias.ac.in,P\WG9x[Z,BBA,1st,https://dummyimage.com/456x3
Alvin Romero,alvinromero22ca@vetias.ac.in,9PAWVKsd,CA,3rd,https://dummyimage.com/329x682
David Calderon,davidcalderon23bco@vetias.ac.in,\%AL%?K|,BCom,2nd,https://placekitten.com/266/596
Karen Smith,karensmith22ca@vetias.ac.in,;6]cCr_+,CA,3rd,https://dummyimage.com/55x145
Julia Phillips,juliaphillips23soc@vetias.ac.in,@@Wsk{I5,Sociology,2nd,https://dummyimage.com/304x758
Eugene Herrera,eugeneherrera23bco@vetias.ac.in,9:OVihgf,BCom,2nd,https://placekitten.com/820/460
Sherry Smith,sherrysmith23ca@vetias.ac.in,D9M7Vzrw,CA,2nd,https://dummyimage.com/564x178
Amanda Bush,amandabush22bba@vetias.ac.in,.GfoU\=W,BBA,3rd,https://picsum.photos/815/580
Zachary Thompson II,zacharythompsonii23aid@vetias.ac.in,*4-%7>ur,AIDS,2nd,https://dummyimage.com/1024x954
Nicholas Green,nicholasgreen24ca@vetias.ac.in,]@[=*\yZ,CA,1st,https://placekitten.com/541/556
Jessica Johnson,jessicajohnson23soc@vetias.ac.in,k%Q^C1*M,Sociology,2nd,https://picsum.photos/700/454
Austin James,austinjames23bco@vetias.ac.in,"7<E""RmH:",BCom,2nd,https://dummyimage.com/680x423
Olivia Hernandez,oliviahernandez22ca@vetias.ac.in,tAI0w1Hq,CA,3rd,https://dummyimage.com/307x861
Aaron Brown,aaronbrown23bba@vetias.ac.in,Khr|.K_h,BBA,2nd,https://placekitten.com/4/953
Michael Irwin,michaelirwin24it@vetias.ac.in,V>(xbjZw,IT,1st,https://picsum.photos/603/711
Amy George,amygeorge22soc@vetias.ac.in,8JP$m(4L,Sociology,3rd,https://dummyimage.com/357x340
Angela Perez,angelaperez24ca@vetias.ac.in,"{&E{,`s$",CA,1st,https://picsum.photos/999/210
Mark Hughes,markhughes22it@vetias.ac.in,B\?0wrv\,IT,3rd,https://placekitten.com/408/855
Andre Herman,andreherman22it@vetias.ac.in,"no="";o.@",IT,3rd,https://picsum.photos/879/49
Joshua Chang,joshuachang22bco@vetias.ac.in,Kw4md26_,BCom,3rd,https://dummyimage.com/181x150
Cheryl Roberts,cherylroberts24soc@vetias.ac.in,/xz)O0/q,Sociology,1st,https://placekitten.com/751/384
Wendy Maynard,wendymaynard23aid@vetias.ac.in,"N97,fxTM",AIDS,2nd,https://placekitten.com/453/360
Megan Jones,meganjones23ca@vetias.ac.in,=`T~(NVq,CA,2nd,https://placekitten.com/680/211
Edward Douglas,edwarddouglas23soc@vetias.ac.in,lb59mAu:,Sociology,2nd,https://dummyimage.com/688x603
Colin Smith,colinsmith24ca@vetias.ac.in,qhtWTRDK,CA,1st,https://dummyimage.com/821x699
Rebecca Richardson,rebeccarichardson23aid@vetias.ac.in,FRG$BLNM,AIDS,2nd,https://dummyimage.com/248x171
Amanda Wong,amandawong24bco@vetias.ac.in,h`!y-2fr,BCom,1st,https://placekitten.com/361/87
Wendy Thompson,wendythompson22aid@vetias.ac.in,?!Rf7oZE,AIDS,3rd,https://picsum.photos/450/539
Jamie Dickson,jamiedickson24ca@vetias.ac.in,r`C^gREB,CA,1st,https://dummyimage.com/683x196
Angel Watts,angelwatts23bba@vetias.ac.in,=BQ5ZZ]T,BBA,2nd,https://dummyimage.com/937x285
Eileen Harris,eileenharris23aid@vetias.ac.in,Q^|h-nHw,AIDS,2nd,https://placekitten.com/963/381
Hannah Burke,hannahburke22soc@vetias.ac.in,sIHb{$5C,Sociology,3rd,https://placekitten.com/835/69
Eddie Wright,eddiewright24soc@vetias.ac.in,"""EtAni:s",Sociology,1st,https://placekitten.com/41/153
Mary Jackson,maryjackson23aid@vetias.ac.in,*~PQ}/<`,AIDS,2nd,https://placekitten.com/59/669
Christopher Myers,christophermyers23soc@vetias.ac.in,I|TyY<<^,Sociology,2nd,https://picsum.photos/30/124
Gary Watkins,garywatkins24ca@vetias.ac.in,DA%|}0BE,CA,1st,https://dummyimage.com/417x542
Alexander Robinson,alexanderrobinson23bco@vetias.ac.in,+;Kwf\U>,BCom,2nd,https://picsum.photos/473/628
Jorge Johnson,jorgejohnson23bba@vetias.ac.in,(p+4/8aL,BBA,2nd,https://dummyimage.com/418x363
Lindsey Johnson,lindseyjohnson24ca@vetias.ac.in,ipO(^p{2,CA,1st,https://dummyimage.com/394x536
Michele Gray,michelegray22bba@vetias.ac.in,"Q$zwG_,%",BBA,3rd,https://picsum.photos/412/964
Yvette Bailey,yvettebailey24soc@vetias.ac.in,Ud$A]T5l,Sociology,1st,https://placekitten.com/582/840
Miss Andrea Ward,missandreaward24bco@vetias.ac.in,IVhwF%uy,BCom,1st,https://picsum.photos/377/560
Caroline Wright,carolinewright23aid@vetias.ac.in,f&?_;UPu,AIDS,2nd,https://dummyimage.com/557x487
Kirk Rollins,kirkrollins24ca@vetias.ac.in,@wB9<Q9i,CA,1st,https://dummyimage.com/478x929
Melissa Rivers,melissarivers24aid@vetias.ac.in,"Q\\5<""uJ",AIDS,1st,https://placekitten.com/447/548
Darrell Scott,darrellscott23ca@vetias.ac.in,V~KJvg|E,CA,2nd,https://placekitten.com/797/255
Stacy Dunn,stacydunn23ca@vetias.ac.in,*)L;B=4(,CA,2nd,https://placekitten.com/687/101
Rebecca Martinez,rebeccamartinez23soc@vetias.ac.in,&Ph9dt~!,Sociology,2nd,https://placekitten.com/739/473
Ralph Kelley,ralphkelley24it@vetias.ac.in,1@)c6q|5,IT,1st,https://dummyimage.com/23x640
Christine Hernandez,christinehernandez22aid@vetias.ac.in,c5h!qphL,AIDS,3rd,https://dummyimage.com/497x865
Tyler Robertson,tylerrobertson22aid@vetias.ac.in,XlML5pJ-,AIDS,3rd,https://placekitten.com/7/453
Jeffrey Walsh,jeffreywalsh23bco@vetias.ac.in,~h7ThCHA,BCom,2nd,https://placekitten.com/528/750
Christopher Rivera,christopherrivera22ca@vetias.ac.in,"T,.T5q[E",CA,3rd,https://dummyimage.com/1023x480
Sharon Moore,sharonmoore22it@vetias.ac.in,eBe9)eq~,IT,3rd,https://picsum.photos/869/42
Catherine Snyder,catherinesnyder23aid@vetias.ac.in,|g*#}rk5,AIDS,2nd,https://dummyimage.com/605x971
Michael Munoz,michaelmunoz23bba@vetias.ac.in,RRgT#I+y,BBA,2nd,https://picsum.photos/667/359
Victor Zhang,victorzhang24aid@vetias.ac.in,$9?-q'-7,AIDS,1st,https://picsum.photos/111/285
Tracy Bowman,tracybowman23bco@vetias.ac.in,d+VvQ{>?,BCom,2nd,https://picsum.photos/183/920
William Wilkins,williamwilkins22ca@vetias.ac.in,?lL)vl{{,CA,3rd,https://dummyimage.com/161x773
William Shaw,williamshaw24it@vetias.ac.in,F9PS$4\C,IT,1st,https://picsum.photos/366/221
Zachary Rivera,zacharyrivera24ca@vetias.ac.in,y-7R[0Zu,CA,1st,https://picsum.photos/471/748
Monica Romero,monicaromero24aid@vetias.ac.in,".Q+-9k(,",AIDS,1st,https://dummyimage.com/998x870
Parker Taylor,parkertaylor24bba@vetias.ac.in,K3uZrEMF,BBA,1st,https://dummyimage.com/390x1011
Alexandra Torres,alexandratorres23it@vetias.ac.in,ttXh_<ck,IT,2nd,https://placekitten.com/323/380
Lisa Underwood,lisaunderwood23bco@vetias.ac.in,{Xb(:Zq-,BCom,2nd,https://dummyimage.com/4x572
Tiffany Robinson,tiffanyrobinson22bba@vetias.ac.in,zbPp4fGs,BBA,3rd,https://picsum.photos/131/533
Dennis Oliver,dennisoliver23it@vetias.ac.in,t1`?;8kI,IT,2nd,https://picsum.photos/774/202
Stacy Rich,stacyrich23soc@vetias.ac.in,.-Qsdz>:,Sociology,2nd,https://dummyimage.com/809x360
Marvin Walton,marvinwalton22bba@vetias.ac.in,%5H:+6)v,BBA,3rd,https://dummyimage.com/374x250
Taylor Jones,taylorjones22aid@vetias.ac.in,wt?A8;7h,AIDS,3rd,https://dummyimage.com/674x170
Jason Maxwell,jasonmaxwell22it@vetias.ac.in,vmW{0|k3,IT,3rd,https://placekitten.com/957/479
Julie Moore,juliemoore24it@vetias.ac.in,_-Pd6etQ,IT,1st,https://placekitten.com/420/383
Alexandra Cohen,alexandracohen24bco@vetias.ac.in,ZV-8_Pk7,BCom,1st,https://dummyimage.com/718x731
John Norton,johnnorton24bco@vetias.ac.in,~bi4'a19,BCom,1st,https://dummyimage.com/123x302
Randall Johnson,randalljohnson24bba@vetias.ac.in,":W,E?%cU",BBA,1st,https://dummyimage.com/684x572
Paul Sutton,paulsutton22bco@vetias.ac.in,\+lIj)oZ,BCom,3rd,https://picsum.photos/188/93
Michael Boyd,michaelboyd23soc@vetias.ac.in,UGX~>$F`,Sociology,2nd,https://placekitten.com/556/328
David Shaffer,davidshaffer22bba@vetias.ac.in,Fe70nn:4,BBA,3rd,https://picsum.photos/533/160
Holly Carter,hollycarter22bba@vetias.ac.in,xXp;uVhD,BBA,3rd,https://placekitten.com/473/152
Tina Finley,tinafinley22bco@vetias.ac.in,/'w#\08R,BCom,3rd,https://picsum.photos/82/916
Jeffrey Bennett,jeffreybennett24ca@vetias.ac.in,P<D6I8u8,CA,1st,https://picsum.photos/631/920
Jamie Rodriguez,jamierodriguez23bba@vetias.ac.in,s7g|I#c=,BBA,2nd,https://picsum.photos/268/728
Stacy Gilbert,stacygilbert23bco@vetias.ac.in,0ZrG[?l{,BCom,2nd,https://placekitten.com/21/200
Michael Baldwin,michaelbaldwin24aid@vetias.ac.in,>oDP+7V;,AIDS,1st,https://placekitten.com/308/502
Karen Lane,karenlane22bba@vetias.ac.in,r#]#kf6<,BBA,3rd,https://dummyimage.com/537x81
Warren Nguyen,warrennguyen23it@vetias.ac.in,*%Tukfug,IT,2nd,https://placekitten.com/830/1016
John Kline,johnkline22ca@vetias.ac.in,=5!eKI6G,CA,3rd,https://placekitten.com/472/512
Regina Jones,reginajones24bba@vetias.ac.in,y5=r7Yrz,BBA,1st,https://placekitten.com/312/984
Devin Downs,devindowns23soc@vetias.ac.in,kcVF&ss3,Sociology,2nd,https://placekitten.com/712/745
John Lewis,johnlewis24it@vetias.ac.in,"5Wge8,[:",IT,1st,https://dummyimage.com/478x251
Jorge Martinez,jorgemartinez24aid@vetias.ac.in,xrW?'Hh],AIDS,1st,https://picsum.photos/251/898
Jodi Gonzalez,jodigonzalez24bco@vetias.ac.in,-L+CGxl*,BCom,1st,https://picsum.photos/237/942
Kyle Johnson,kylejohnson23ca@vetias.ac.in,"$nHg'O""&",CA,2nd,https://dummyimage.com/925x412
Hayden Salinas,haydensalinas23aid@vetias.ac.in,:=kirG~F,AIDS,2nd,https://picsum.photos/440/802
Todd Roberts,toddroberts23bba@vetias.ac.in,)fwsk[El,BBA,2nd,https://placekitten.com/462/301
Angela Richardson,angelarichardson22aid@vetias.ac.in,[cySl~fX,AIDS,3rd,https://dummyimage.com/91x626
Jeremy Mcbride,jeremymcbride22aid@vetias.ac.in,"1N%0U,PR",AIDS,3rd,https://placekitten.com/597/862
Sean Vasquez,seanvasquez23it@vetias.ac.in,{o>PV;+{,IT,2nd,https://placekitten.com/424/443
Lisa Hughes,lisahughes22bco@vetias.ac.in,xz'5r;pl,BCom,3rd,https://placekitten.com/618/353
Brittney Roman,brittneyroman22bba@vetias.ac.in,uR|QOdms,BBA,3rd,https://picsum.photos/890/275
Amanda Miles,amandamiles23it@vetias.ac.in,yrgIH#nf,IT,2nd,https://dummyimage.com/752x199
Heather Parsons,heatherparsons23ca@vetias.ac.in,"&(kk4""<%",CA,2nd,https://placekitten.com/883/91
Mrs. Judith Ford,mrs.judithford22it@vetias.ac.in,jEZz93ex,IT,3rd,https://picsum.photos/997/487
George Smith,georgesmith24soc@vetias.ac.in,{rfDW{zb,Sociology,1st,https://picsum.photos/996/620
Sharon Murphy,sharonmurphy23ca@vetias.ac.in,3`.$W^\Q,CA,2nd,https://dummyimage.com/144x256
James Bailey,jamesbailey22it@vetias.ac.in,pBYJ8P.N,IT,3rd,https://placekitten.com/9/277
Levi Miller,levimiller22ca@vetias.ac.in,2AY)tpWt,CA,3rd,https://dummyimage.com/29x535
Michelle Greene,michellegreene23aid@vetias.ac.in,*1VS;:$4,AIDS,2nd,https://picsum.photos/986/311
Robert Cordova,robertcordova24soc@vetias.ac.in,2}py][j},Sociology,1st,https://dummyimage.com/243x360
Kimberly White,kimberlywhite22it@vetias.ac.in,^cU`Zxlk,IT,3rd,https://dummyimage.com/885x808
Christine Carlson,christinecarlson23aid@vetias.ac.in,"|,wDZB4~",AIDS,2nd,https://dummyimage.com/782x889
Katherine Smith,katherinesmith24it@vetias.ac.in,H3~bqVly,IT,1st,https://dummyimage.com/593x596
Stephen Harris,stephenharris22soc@vetias.ac.in,Ps+Lr<@m,Sociology,3rd,https://dummyimage.com/149x137
Victor Christensen,victorchristensen24ca@vetias.ac.in,j'DJ=9!t,CA,1st,https://picsum.photos/28/970
Erin Morris,erinmorris23ca@vetias.ac.in,5`~3l<(>,CA,2nd,https://placekitten.com/1000/914
John Pierce,johnpierce22soc@vetias.ac.in,Kwq]<whY,Sociology,3rd,https://picsum.photos/524/233
Molly Kirk,mollykirk24bba@vetias.ac.in,;J#Mydj^,BBA,1st,https://picsum.photos/303/799
Donna Marquez,donnamarquez22soc@vetias.ac.in,Z}0;%ug5,Sociology,3rd,https://picsum.photos/189/119
Laurie Palmer,lauriepalmer22bco@vetias.ac.in,OJ;c`{Va,BCom,3rd,https://picsum.photos/588/639
Jeffrey Wood,jeffreywood24soc@vetias.ac.in,&75L;~!=,Sociology,1st,https://dummyimage.com/581x222
Cynthia Moon,cynthiamoon22bco@vetias.ac.in,[*JHG[\8,BCom,3rd,https://placekitten.com/196/457
Christopher Dominguez,christopherdominguez24aid@vetias.ac.in,.bqHP52g,AIDS,1st,https://placekitten.com/611/759
Kristin White,kristinwhite23ca@vetias.ac.in,ItC``#UJ,CA,2nd,https://picsum.photos/1011/9
Ashley Norris,ashleynorris22it@vetias.ac.in,g5!WC0@`,IT,3rd,https://picsum.photos/792/294
Mr. Fred Franklin PhD,mr.fredfranklinphd23bba@vetias.ac.in,AZpbR9b2,BBA,2nd,https://dummyimage.com/359x488
Pamela Kent,pamelakent24it@vetias.ac.in,Ok$MZHB&,IT,1st,https://picsum.photos/45/354
Cynthia Greene,cynthiagreene24bba@vetias.ac.in,l&3a.c_9,BBA,1st,https://placekitten.com/806/1005
Kimberly Blair,kimberlyblair23aid@vetias.ac.in,GO+B6><m,AIDS,2nd,https://picsum.photos/635/108
Ashley Taylor,ashleytaylor23bco@vetias.ac.in,02+=M?A^,BCom,2nd,https://placekitten.com/245/762
Jeanette Jensen,jeanettejensen23bco@vetias.ac.in,"qkTp_b""8",BCom,2nd,https://picsum.photos/134/730
Jasmine Wood,jasminewood23it@vetias.ac.in,gjpVKZW1,IT,2nd,https://picsum.photos/813/868
Brett Sharp,brettsharp22aid@vetias.ac.in,?z+g#tK;,AIDS,3rd,https://picsum.photos/244/820
Benjamin Johns,benjaminjohns23bba@vetias.ac.in,"#c[0%(s,",BBA,2nd,https://dummyimage.com/63x330
Elizabeth Norris,elizabethnorris24soc@vetias.ac.in,oyw];0TA,Sociology,1st,https://picsum.photos/374/728
Edward Brown,edwardbrown23ca@vetias.ac.in,c:Fgi/gI,CA,2nd,https://placekitten.com/315/289
Deborah Brown,deborahbrown24bba@vetias.ac.in,I+<[#rTY,BBA,1st,https://placekitten.com/937/277
Joshua Graves,joshuagraves23bco@vetias.ac.in,zFSJ)YXr,BCom,2nd,https://dummyimage.com/94x306
Jamie Jones,jamiejones24aid@vetias.ac.in,ajLPn3&K,AIDS,1st,https://placekitten.com/886/77
Erin King,erinking22it@vetias.ac.in,qzJ6G0z3,IT,3rd,https://dummyimage.com/796x463
Kimberly Green,kimberlygreen23it@vetias.ac.in,"""CZ+Fr`[",IT,2nd,https://picsum.photos/209/130
Gabrielle Flores,gabrielleflores22bco@vetias.ac.in,P^\\(2RS,BCom,3rd,https://placekitten.com/634/533
Steven Kelley,stevenkelley24bba@vetias.ac.in,TIROftS6,BBA,1st,https://placekitten.com/300/995
Cynthia Williams,cynthiawilliams23aid@vetias.ac.in,jCPL:?N9,AIDS,2nd,https://dummyimage.com/333x732
Erin Stark,erinstark23soc@vetias.ac.in,.h4m<e0(,Sociology,2nd,https://placekitten.com/510/925
Shelley Coleman,shelleycoleman24bba@vetias.ac.in,"<A?n.,14",BBA,1st,https://dummyimage.com/711x132
Cameron Hawkins,cameronhawkins24it@vetias.ac.in,P)[e#%0X,IT,1st,https://placekitten.com/112/541
Patricia Smith,patriciasmith24it@vetias.ac.in,%b$U4Qab,IT,1st,https://placekitten.com/313/768
Lori Mckenzie,lorimckenzie22bba@vetias.ac.in,M|yv7xb#,BBA,3rd,https://placekitten.com/126/74
Stephanie Peterson,stephaniepeterson22soc@vetias.ac.in,65wNt)>T,Sociology,3rd,https://picsum.photos/279/440
Tina Martin DDS,tinamartindds22ca@vetias.ac.in,to4gd#O#,CA,3rd,https://picsum.photos/629/627
Nathan Sawyer,nathansawyer23bco@vetias.ac.in,"$Lq\m""Rq",BCom,2nd,https://placekitten.com/931/816
Sabrina Brown,sabrinabrown23bco@vetias.ac.in,NPRwFwz%,BCom,2nd,https://placekitten.com/382/910
Alicia Vasquez,aliciavasquez23it@vetias.ac.in,Cq9:[^wt,IT,2nd,https://dummyimage.com/302x305
Tyler Ruiz,tylerruiz23it@vetias.ac.in,r&5YfdNV,IT,2nd,https://dummyimage.com/27x360
Daniel Nelson,danielnelson22bco@vetias.ac.in,/EYe-$^c,BCom,3rd,https://placekitten.com/55/494
Morgan Mcbride,morganmcbride23soc@vetias.ac.in,T]4ZP_G},Sociology,2nd,https://placekitten.com/646/27
Shelia Carson,sheliacarson23it@vetias.ac.in,".S[rh,BH",IT,2nd,https://dummyimage.com/696x409
Michael Smith,michaelsmith22aid@vetias.ac.in,"R\;a""6!J",AIDS,3rd,https://dummyimage.com/484x580
Amber Reyes,amberreyes23ca@vetias.ac.in,pCDAu;dF,CA,2nd,https://placekitten.com/767/581
Tracy Dalton,tracydalton24aid@vetias.ac.in,Z$|z@PcI,AIDS,1st,https://dummyimage.com/1014x456
Calvin Newton,calvinnewton22bco@vetias.ac.in,tb3z=RGm,BCom,3rd,https://dummyimage.com/52x668
Brittany Dixon,brittanydixon23bba@vetias.ac.in,)\CPpj{4,BBA,2nd,https://picsum.photos/583/510
Christopher Buchanan,christopherbuchanan22ca@vetias.ac.in,"!sx4`""{[",CA,3rd,https://picsum.photos/150/31
Marcus Williams,marcuswilliams23bba@vetias.ac.in,"ce;EK4""d",BBA,2nd,https://dummyimage.com/738x453
Allison Reyes,allisonreyes22soc@vetias.ac.in,gFxv~dtc,Sociology,3rd,https://picsum.photos/345/697
Kara Davis,karadavis24soc@vetias.ac.in,L5x:I_l*,Sociology,1st,https://picsum.photos/757/121
Lori Mcdonald,lorimcdonald23soc@vetias.ac.in,%0zw<5Oz,Sociology,2nd,https://placekitten.com/228/475
Elizabeth Cross,elizabethcross24aid@vetias.ac.in,_{C=c{8`,AIDS,1st,https://placekitten.com/666/330
Mrs. Tiffany Hines DDS,mrs.tiffanyhinesdds22bco@vetias.ac.in,p|+):j]M,BCom,3rd,https://placekitten.com/810/140
Gary West,garywest24bba@vetias.ac.in,"x(F1,e>G",BBA,1st,https://picsum.photos/70/500
Jody Singh,jodysingh24ca@vetias.ac.in,ZY|/W3KE,CA,1st,https://picsum.photos/642/177
Matthew Mcmillan,matthewmcmillan23aid@vetias.ac.in,MeQKvko@,AIDS,2nd,https://picsum.photos/141/198
Mary Armstrong,maryarmstrong23aid@vetias.ac.in,GKM!m08T,AIDS,2nd,https://dummyimage.com/479x633
David Ashley,davidashley22soc@vetias.ac.in,TENIt/uQ,Sociology,3rd,https://picsum.photos/414/559
Michael Galloway,michaelgalloway22soc@vetias.ac.in,Vy;]l%Cf,Sociology,3rd,https://picsum.photos/236/111
Denise Thomas,denisethomas22ca@vetias.ac.in,kz!.y1xB,CA,3rd,https://placekitten.com/37/1024
Tyler Mccoy,tylermccoy23bba@vetias.ac.in,05T%:MUv,BBA,2nd,https://dummyimage.com/433x336
Lauren Gray,laurengray22bco@vetias.ac.in,"QOi""+@/@",BCom,3rd,https://placekitten.com/195/308
Jennifer Williams,jenniferwilliams22ca@vetias.ac.in,jn4#>N0<,CA,3rd,https://dummyimage.com/758x486
Daniel Hardin,danielhardin22soc@vetias.ac.in,c)SQ/ESS,Sociology,3rd,https://picsum.photos/759/700
Stephen Macdonald,stephenmacdonald23it@vetias.ac.in,Y$81d.sa,IT,2nd,https://dummyimage.com/98x171
Darrell Clark,darrellclark24soc@vetias.ac.in,l.+nyE'),Sociology,1st,https://dummyimage.com/154x13
Jennifer Burton,jenniferburton24bba@vetias.ac.in,;qA]j=Lb,BBA,1st,https://placekitten.com/44/935
Dr. Melissa Ferguson,dr.melissaferguson23bco@vetias.ac.in,"y0\Z,^m1",BCom,2nd,https://placekitten.com/850/14
Megan Hernandez,meganhernandez24aid@vetias.ac.in,&anm8!oA,AIDS,1st,https://picsum.photos/685/237
Michael Brock,michaelbrock22ca@vetias.ac.in,_o~?N\c<,CA,3rd,https://dummyimage.com/588x591
Danielle Lewis,daniellelewis24ca@vetias.ac.in,/oj#TAbm,CA,1st,https://picsum.photos/386/957
Nicholas Chapman,nicholaschapman22aid@vetias.ac.in,Tq6eg|NR,AIDS,3rd,https://placekitten.com/818/548
Tammy Liu,tammyliu22ca@vetias.ac.in,+_%OM)ec,CA,3rd,https://placekitten.com/791/669
Ashley Mccann,ashleymccann23bba@vetias.ac.in,'1UChaHg,BBA,2nd,https://dummyimage.com/182x34
Lisa Berry,lisaberry24soc@vetias.ac.in,Zh(Vvz|i,Sociology,1st,https://picsum.photos/270/942
Sharon Chase,sharonchase24bba@vetias.ac.in,VWF<D\4U,BBA,1st,https://dummyimage.com/197x464
James Dean,jamesdean24ca@vetias.ac.in,M&F6XjJE,CA,1st,https://placekitten.com/194/882
Anthony Simon,anthonysimon24bco@vetias.ac.in,:!PyBJE.,BCom,1st,https://picsum.photos/303/46
Alex Gutierrez,alexgutierrez22bba@vetias.ac.in,8ybz8*P#,BBA,3rd,https://picsum.photos/26/6
Meghan Richardson,meghanrichardson23bba@vetias.ac.in,yzl~AHpk,BBA,2nd,https://picsum.photos/339/674
Heather Short,heathershort23ca@vetias.ac.in,[<>f1tfZ,CA,2nd,https://placekitten.com/670/100
Jamie Cervantes,jamiecervantes22bco@vetias.ac.in,;SXe5O1T,BCom,3rd,https://dummyimage.com/764x885
Zachary Graham,zacharygraham22soc@vetias.ac.in,i<ZU4W~d,Sociology,3rd,https://dummyimage.com/575x620
Rachel Flores,rachelflores22bco@vetias.ac.in,j!s_XTcb,BCom,3rd,https://picsum.photos/662/643
Angela Soto,angelasoto22bco@vetias.ac.in,(E$buM]l,BCom,3rd,https://dummyimage.com/703x375
Debra Bass,debrabass24soc@vetias.ac.in,7obC[.pV,Sociology,1st,https://dummyimage.com/136x313
Edward Williams,edwardwilliams23soc@vetias.ac.in,Z_a%GbN},Sociology,2nd,https://dummyimage.com/311x466
Lance Powers,lancepowers24bco@vetias.ac.in,s=1O-B{C,BCom,1st,https://dummyimage.com/148x61
Jeffrey Hall,jeffreyhall22bco@vetias.ac.in,u`22v9V6,BCom,3rd,https://dummyimage.com/33x432
Alexandra Gutierrez,alexandragutierrez24ca@vetias.ac.in,e%7;z:}j,CA,1st,https://placekitten.com/335/626
Erin Garner,eringarner22aid@vetias.ac.in,"YF\,E}\_",AIDS,3rd,https://placekitten.com/999/500
Susan King,susanking23it@vetias.ac.in,X{m[ko$2,IT,2nd,https://placekitten.com/351/709
Andrew Williams,andrewwilliams23bco@vetias.ac.in,=j4n?ou',BCom,2nd,https://placekitten.com/551/649
Lawrence Oconnor,lawrenceoconnor23aid@vetias.ac.in,"F9|x,]C:",AIDS,2nd,https://picsum.photos/1021/22
Gail Ortiz,gailortiz24bco@vetias.ac.in,""":b_pC(l",BCom,1st,https://picsum.photos/413/153
Leah Wheeler,leahwheeler22ca@vetias.ac.in,D5M@@~l),CA,3rd,https://picsum.photos/870/154
Kellie Brown,kelliebrown22ca@vetias.ac.in,8><JI>r9,CA,3rd,https://picsum.photos/536/78
Melissa Hawkins,melissahawkins24it@vetias.ac.in,MBAj_jW),IT,1st,https://dummyimage.com/249x901
Candice Hernandez,candicehernandez23bco@vetias.ac.in,d&|tft{s,BCom,2nd,https://placekitten.com/268/471
Leroy Torres,leroytorres24bco@vetias.ac.in,0<==nxQu,BCom,1st,https://picsum.photos/955/382
Sharon Davis,sharondavis23aid@vetias.ac.in,\{'WIw!@,AIDS,2nd,https://dummyimage.com/165x409
Theresa Herrera,theresaherrera22bba@vetias.ac.in,\]({YrHl,BBA,3rd,https://dummyimage.com/272x89
Jose Adams,joseadams24soc@vetias.ac.in,"D5J3\6""G",Sociology,1st,https://dummyimage.com/925x521
Katie Ross MD,katierossmd22bco@vetias.ac.in,wXFz#RhM,BCom,3rd,https://dummyimage.com/134x573
Melissa Mcintyre,melissamcintyre23bco@vetias.ac.in,Q=vP.JdC,BCom,2nd,https://placekitten.com/91/807
Nicole Riley,nicoleriley22bba@vetias.ac.in,"ci;u""yDm",BBA,3rd,https://placekitten.com/236/436
Miranda Webb,mirandawebb22soc@vetias.ac.in,3LF}_e/f,Sociology,3rd,https://placekitten.com/168/869
Kurt Williams,kurtwilliams24soc@vetias.ac.in,82QVF[qM,Sociology,1st,https://placekitten.com/490/457
Matthew Henry,matthewhenry23soc@vetias.ac.in,i[KE)DX>,Sociology,2nd,https://placekitten.com/457/450
Jeremy Cohen,jeremycohen24aid@vetias.ac.in,TY^!\gzA,AIDS,1st,https://dummyimage.com/623x626
Christine Brown,christinebrown22bba@vetias.ac.in,G}hZbNF},BBA,3rd,https://picsum.photos/564/434
Peter Crosby,petercrosby24bba@vetias.ac.in,/d=zUg]{,BBA,1st,https://picsum.photos/303/980
Catherine Barry,catherinebarry24aid@vetias.ac.in,FRw(3!Jd,AIDS,1st,https://placekitten.com/974/261
Victoria Weaver,victoriaweaver24ca@vetias.ac.in,-j:D]CM6,CA,1st,https://placekitten.com/993/591
Kiara Smith,kiarasmith23bba@vetias.ac.in,CyK-}-i|,BBA,2nd,https://placekitten.com/827/495
Robin Williams,robinwilliams24aid@vetias.ac.in,e\R;:#~n,AIDS,1st,https://picsum.photos/187/501
James Higgins,jameshiggins24bba@vetias.ac.in,1Rx}5@83,BBA,1st,https://dummyimage.com/957x808
Stanley Thompson,stanleythompson23aid@vetias.ac.in,"av4?;[""d",AIDS,2nd,https://picsum.photos/961/360
Mary Perry,maryperry23aid@vetias.ac.in,m.]j2_o1,AIDS,2nd,https://dummyimage.com/385x404
John Stephens,johnstephens23bco@vetias.ac.in,j1X5u)G|,BCom,2nd,https://picsum.photos/623/637
Billy Beck,billybeck24ca@vetias.ac.in,5mv}_T<_,CA,1st,https://picsum.photos/989/175
Sheila Hayes,sheilahayes24bba@vetias.ac.in,3b1=9/%s,BBA,1st,https://placekitten.com/721/473
Patricia Mcdonald,patriciamcdonald23ca@vetias.ac.in,q'4t(k?],CA,2nd,https://picsum.photos/639/635
Cathy Moreno,cathymoreno24ca@vetias.ac.in,ED:Y]eGD,CA,1st,https://dummyimage.com/831x866
Evan Collins,evancollins24soc@vetias.ac.in,\Z>%bkwh,Sociology,1st,https://dummyimage.com/925x989
Lauren Arnold,laurenarnold23aid@vetias.ac.in,q.-0rk|C,AIDS,2nd,https://dummyimage.com/224x210
Janice Cowan,janicecowan24bco@vetias.ac.in,4NC1t0@X,BCom,1st,https://placekitten.com/636/871
Miranda Johnston,mirandajohnston23bco@vetias.ac.in,r\YgLx0],BCom,2nd,https://placekitten.com/364/446
Jenny Robinson,jennyrobinson24ca@vetias.ac.in,wOV`Xg?E,CA,1st,https://dummyimage.com/42x19
Gabriel Flowers,gabrielflowers23bba@vetias.ac.in,"VEy#|""5f",BBA,2nd,https://picsum.photos/325/85
Mary Thompson,marythompson22ca@vetias.ac.in,\dF!PWk~,CA,3rd,https://dummyimage.com/840x611
Katherine Hall,katherinehall23it@vetias.ac.in,"8}yB3IX,",IT,2nd,https://placekitten.com/345/329
Travis Floyd,travisfloyd23soc@vetias.ac.in,v65s2+TK,Sociology,2nd,https://placekitten.com/944/813
Michelle Macias,michellemacias24bco@vetias.ac.in,I(3RM:HX,BCom,1st,https://placekitten.com/242/42
Fernando Lang,fernandolang24bba@vetias.ac.in,"y""DPAnj^",BBA,1st,https://placekitten.com/353/54
Jennifer Hale,jenniferhale22aid@vetias.ac.in,u%ECHs|C,AIDS,3rd,https://placekitten.com/120/571
Sean Forbes,seanforbes24it@vetias.ac.in,.Bwn<}kl,IT,1st,https://placekitten.com/910/52
Dr. Janet Smith,dr.janetsmith23bco@vetias.ac.in,4$9hTZqY,BCom,2nd,https://dummyimage.com/519x906
Katherine Mann,katherinemann22bba@vetias.ac.in,o\%L^CZ~,BBA,3rd,https://placekitten.com/558/488
Lucas Hunter,lucashunter23bco@vetias.ac.in,f}TQqRe|,BCom,2nd,https://dummyimage.com/830x399
Anthony Hansen,anthonyhansen22bco@vetias.ac.in,lsjz]p%Z,BCom,3rd,https://picsum.photos/745/932
Paul Gonzales,paulgonzales24bba@vetias.ac.in,Mk2ZF@7;,BBA,1st,https://picsum.photos/201/1014
Carla Johnston,carlajohnston22it@vetias.ac.in,O(pE<zhG,IT,3rd,https://dummyimage.com/734x932
Cory Quinn,coryquinn23ca@vetias.ac.in,@i%(3AdN,CA,2nd,https://dummyimage.com/905x76
Paul Graves,paulgraves23soc@vetias.ac.in,PX3=-/IO,Sociology,2nd,https://placekitten.com/307/485
Judy Smith DVM,judysmithdvm23ca@vetias.ac.in,04L:me'Z,CA,2nd,https://picsum.photos/755/453
Justin Barton,justinbarton23ca@vetias.ac.in,PvkRr6Pk,CA,2nd,https://picsum.photos/223/922
James Hampton,jameshampton24ca@vetias.ac.in,0hd`!~;I,CA,1st,https://placekitten.com/346/706
Fred Higgins,fredhiggins22bco@vetias.ac.in,1ixbz(;B,BCom,3rd,https://picsum.photos/641/548
Kevin Morales,kevinmorales22bco@vetias.ac.in,:<[y-W1g,BCom,3rd,https://picsum.photos/547/227
Alexis Wood,alexiswood23soc@vetias.ac.in,/Dp)yacr,Sociology,2nd,https://picsum.photos/953/22
Jessica Lin,jessicalin22bba@vetias.ac.in,1|IA_r4R,BBA,3rd,https://picsum.photos/1022/932
Jennifer Banks,jenniferbanks22it@vetias.ac.in,K'#w&obd,IT,3rd,https://picsum.photos/528/138
Terri Acosta,terriacosta23aid@vetias.ac.in,:T'{}8rk,AIDS,2nd,https://dummyimage.com/199x188
Robert Reid,robertreid23ca@vetias.ac.in,c'}?+!WZ,CA,2nd,https://placekitten.com/748/641
William Henderson,williamhenderson23aid@vetias.ac.in,"\M-""(f-d",AIDS,2nd,https://placekitten.com/246/871
Sarah Bell,sarahbell22soc@vetias.ac.in,'}C~UD?d,Sociology,3rd,https://placekitten.com/386/2
Christopher Jackson,christopherjackson24soc@vetias.ac.in,`D&5G!g@,Sociology,1st,https://placekitten.com/421/948
Brian Flynn,brianflynn24soc@vetias.ac.in,`Pl96PcG,Sociology,1st,https://picsum.photos/551/61
Alejandro Richardson,alejandrorichardson23it@vetias.ac.in,WkVHpT~I,IT,2nd,https://dummyimage.com/538x270
Curtis Gordon,curtisgordon23ca@vetias.ac.in,";}c,Nc.e",CA,2nd,https://picsum.photos/668/15
David Stewart,davidstewart23bco@vetias.ac.in,GV5J/TJ&,BCom,2nd,https://dummyimage.com/108x507
Danielle Martinez,daniellemartinez23bco@vetias.ac.in,JHT@.{]>,BCom,2nd,https://picsum.photos/316/372
Bradley Harris,bradleyharris23soc@vetias.ac.in,"""h$RL1V~",Sociology,2nd,https://dummyimage.com/81x228
Kylie Walker,kyliewalker23soc@vetias.ac.in,Rv;C@1T],Sociology,2nd,https://picsum.photos/192/596
Morgan Mcdonald,morganmcdonald23aid@vetias.ac.in,^+$'6&OQ,AIDS,2nd,https://placekitten.com/603/197
Deborah Davis,deborahdavis22bco@vetias.ac.in,F:kGp!^?,BCom,3rd,https://dummyimage.com/920x491
Dennis House,dennishouse22ca@vetias.ac.in,wDh=#yEO,CA,3rd,https://picsum.photos/490/140
Gail Gordon,gailgordon23bba@vetias.ac.in,"Q^Uz9,Q$",BBA,2nd,https://placekitten.com/164/243
Daniel Howard,danielhoward24soc@vetias.ac.in,"sA~0m&""W",Sociology,1st,https://dummyimage.com/674x644
Antonio Ingram,antonioingram23ca@vetias.ac.in,u1a`~n6g,CA,2nd,https://placekitten.com/377/113
Sarah Pearson,sarahpearson24soc@vetias.ac.in,"iP""6d_C.",Sociology,1st,https://placekitten.com/712/910
Mark Thomas,markthomas23bba@vetias.ac.in,{brU({5p,BBA,2nd,https://picsum.photos/113/775
Kayla Martin,kaylamartin24soc@vetias.ac.in,0G+s#2@5,Sociology,1st,https://dummyimage.com/762x11
Madison Woods,madisonwoods24bba@vetias.ac.in,|b5T~'ik,BBA,1st,https://placekitten.com/647/1019
Jose Mcdonald,josemcdonald23it@vetias.ac.in,i1:!@jj},IT,2nd,https://picsum.photos/683/790
James Horn,jameshorn22ca@vetias.ac.in,<?L4T@XR,CA,3rd,https://dummyimage.com/666x192
Geoffrey Brooks,geoffreybrooks23soc@vetias.ac.in,"3]ZFZ'""B",Sociology,2nd,https://picsum.photos/276/661
Lisa French,lisafrench22ca@vetias.ac.in,]bWtWt6W,CA,3rd,https://picsum.photos/954/4
Taylor Adams,tayloradams24bco@vetias.ac.in,&?z.oK?;,BCom,1st,https://placekitten.com/676/302
Jasmine Jefferson,jasminejefferson22bba@vetias.ac.in,b57/smNK,BBA,3rd,https://placekitten.com/646/274
Angela Cooper,angelacooper22bba@vetias.ac.in,(gZ-R/Ws,BBA,3rd,https://placekitten.com/994/489
David Miranda,davidmiranda23it@vetias.ac.in,r}(>UvS\,IT,2nd,https://dummyimage.com/651x762
Katelyn Richardson,katelynrichardson23bco@vetias.ac.in,)JE`[U#c,BCom,2nd,https://placekitten.com/676/897
Kenneth Anderson PhD,kennethandersonphd22bba@vetias.ac.in,:A1Shyq@,BBA,3rd,https://placekitten.com/568/893
Mr. Mark Lyons,mr.marklyons23it@vetias.ac.in,"a=nUWC,j",IT,2nd,https://dummyimage.com/947x240
Lindsay Taylor,lindsaytaylor22bba@vetias.ac.in,i$S*YPME,BBA,3rd,https://dummyimage.com/1004x54
Jermaine Holt,jermaineholt22it@vetias.ac.in,v$Z<N#du,IT,3rd,https://picsum.photos/863/599
Renee Mclean,reneemclean22bco@vetias.ac.in,D5N#N7v',BCom,3rd,https://placekitten.com/234/449
Angela Cox,angelacox23soc@vetias.ac.in,mR`C/eDS,Sociology,2nd,https://picsum.photos/252/808
Christopher Savage,christophersavage23aid@vetias.ac.in,(>)hKG-;,AIDS,2nd,https://dummyimage.com/718x362
Daniel Ryan,danielryan23bco@vetias.ac.in,DhcW1i\],BCom,2nd,https://placekitten.com/315/871
Latoya Davis,latoyadavis23soc@vetias.ac.in,"O>`<|@l,",Sociology,2nd,https://placekitten.com/658/264
Kristopher Young,kristopheryoung23it@vetias.ac.in,w%&LL(tG,IT,2nd,https://placekitten.com/444/798
Logan Johnson,loganjohnson23it@vetias.ac.in,<ENHeon+,IT,2nd,https://placekitten.com/630/206
Samantha Anderson,samanthaanderson23aid@vetias.ac.in,"*,!6:-P~",AIDS,2nd,https://placekitten.com/115/749
Billy Johnson,billyjohnson23it@vetias.ac.in,qhD(f_+L,IT,2nd,https://placekitten.com/416/49
Joshua Harper,joshuaharper22bco@vetias.ac.in,:\y;(0=j,BCom,3rd,https://dummyimage.com/875x507
Loretta Bell,lorettabell24bba@vetias.ac.in,nG`:vu@\,BBA,1st,https://placekitten.com/874/4
John Patel,johnpatel23soc@vetias.ac.in,"A+W*h0,P",Sociology,2nd,https://placekitten.com/529/115
Heather Stewart,heatherstewart23it@vetias.ac.in,>Hf7SKv/,IT,2nd,https://placekitten.com/982/305
Tara Diaz,taradiaz22ca@vetias.ac.in,#)yQ1''v,CA,3rd,https://picsum.photos/173/720
Leon Hall,leonhall23bco@vetias.ac.in,gnPsbdD),BCom,2nd,https://placekitten.com/104/309
Linda Richardson,lindarichardson24ca@vetias.ac.in,DkF--=[Q,CA,1st,https://picsum.photos/18/640
Martin Wu,martinwu22soc@vetias.ac.in,^|!uz-qK,Sociology,3rd,https://dummyimage.com/535x915
Mario Johnson,mariojohnson22it@vetias.ac.in,R66J!:l3,IT,3rd,https://placekitten.com/81/216
Wanda Smith,wandasmith22ca@vetias.ac.in,"(aj3[,rS",CA,3rd,https://picsum.photos/127/445
Jason Miller,jasonmiller23aid@vetias.ac.in,$ItZy)gz,AIDS,2nd,https://dummyimage.com/216x766
Derrick Wilkins,derrickwilkins24bba@vetias.ac.in,;`m&3_u0,BBA,1st,https://placekitten.com/555/267
Amy Hunter,amyhunter24bco@vetias.ac.in,Eje]yWZn,BCom,1st,https://placekitten.com/559/574
Allison Wilson,allisonwilson24soc@vetias.ac.in,P;_C[*MB,Sociology,1st,https://dummyimage.com/126x295
Mr. Henry Jones,mr.henryjones23ca@vetias.ac.in,.dpi3@5%,CA,2nd,https://picsum.photos/48/428
Zachary Boyd,zacharyboyd24aid@vetias.ac.in,",7X{S[^S",AIDS,1st,https://picsum.photos/29/1006
Tara Fitzgerald,tarafitzgerald22bco@vetias.ac.in,MU^Lu2+;,BCom,3rd,https://dummyimage.com/932x321
Vincent Mcknight,vincentmcknight24ca@vetias.ac.in,"NS""Je.g\",CA,1st,https://dummyimage.com/80x858
Eric Bruce,ericbruce23it@vetias.ac.in,fh3Ixnc|,IT,2nd,https://dummyimage.com/76x63
Jacob Sanders,jacobsanders22bba@vetias.ac.in,k9MS.L_F,BBA,3rd,https://dummyimage.com/828x614
Alexandria York,alexandriayork24aid@vetias.ac.in,D_=C:Hm_,AIDS,1st,https://placekitten.com/327/961
Carolyn Peters,carolynpeters24aid@vetias.ac.in,VOKH;&cq,AIDS,1st,https://placekitten.com/285/475
Clayton Phillips,claytonphillips24soc@vetias.ac.in,)\49ciRq,Sociology,1st,https://placekitten.com/105/479
Patricia Walton,patriciawalton24it@vetias.ac.in,6WJ6^~?X,IT,1st,https://picsum.photos/899/73
Michael Hill,michaelhill22soc@vetias.ac.in,_H5j7e8m,Sociology,3rd,https://picsum.photos/157/338
Natalie Jones,nataliejones24bco@vetias.ac.in,"oycQ-,1U",BCom,1st,https://picsum.photos/614/539
Angela Moore,angelamoore24it@vetias.ac.in,5E$)9O72,IT,1st,https://picsum.photos/146/325
Elizabeth Watts,elizabethwatts24aid@vetias.ac.in,2m'co%RK,AIDS,1st,https://dummyimage.com/491x38
Anne Levine,annelevine24it@vetias.ac.in,*B?PqWg|,IT,1st,https://picsum.photos/937/453
Lisa Martinez,lisamartinez22bco@vetias.ac.in,yGV{_+./,BCom,3rd,https://placekitten.com/421/756
Monica Roberts,monicaroberts22it@vetias.ac.in,Epe|x;.C,IT,3rd,https://dummyimage.com/585x614
Amber Stafford,amberstafford22bco@vetias.ac.in,D9{g_[7#,BCom,3rd,https://picsum.photos/418/463
Molly Campbell,mollycampbell22bba@vetias.ac.in,k\k|mT5v,BBA,3rd,https://placekitten.com/555/767
Christopher Gray,christophergray24it@vetias.ac.in,4mS&j-Z3,IT,1st,https://placekitten.com/313/837
Jesus Jackson,jesusjackson24bba@vetias.ac.in,'DQO#xJ$,BBA,1st,https://placekitten.com/20/517
Jamie Becker,jamiebecker24bba@vetias.ac.in,S~}0jDnt,BBA,1st,https://placekitten.com/646/641
Jody Mullins,jodymullins22soc@vetias.ac.in,&J]\|<7I,Sociology,3rd,https://dummyimage.com/662x527
Anne Kennedy DDS,annekennedydds23ca@vetias.ac.in,ldZC4v2},CA,2nd,https://dummyimage.com/566x929
Michael Hart,michaelhart22bba@vetias.ac.in,@#_MI?k`,BBA,3rd,https://picsum.photos/257/284
Nathan Simpson,nathansimpson23ca@vetias.ac.in,Cz)._7jm,CA,2nd,https://dummyimage.com/537x904
Jeffrey Knapp,jeffreyknapp23bba@vetias.ac.in,X0/v$t4X,BBA,2nd,https://picsum.photos/38/178
Cody Ball,codyball24it@vetias.ac.in,n*H0\P|=,IT,1st,https://picsum.photos/590/337
Yvette Joseph,yvettejoseph24ca@vetias.ac.in,}$>NFVTu,CA,1st,https://placekitten.com/365/147
Christopher Porter,christopherporter23ca@vetias.ac.in,rYOpVcVi,CA,2nd,https://placekitten.com/143/670
Whitney Dunn,whitneydunn22soc@vetias.ac.in,m2{KDH(^,Sociology,3rd,https://picsum.photos/929/311
Mike Moran,mikemoran23bco@vetias.ac.in,IA(Z2D>',BCom,2nd,https://dummyimage.com/132x679
Julie Odom,julieodom24it@vetias.ac.in,~ROI{R5`,IT,1st,https://placekitten.com/124/242
Patricia Martin,patriciamartin22it@vetias.ac.in,&Z55#&p<,IT,3rd,https://placekitten.com/293/922
Patricia Harris,patriciaharris23bco@vetias.ac.in,m?D<m<wh,BCom,2nd,https://placekitten.com/584/767
Derrick Hubbard,derrickhubbard24aid@vetias.ac.in,iyfDL{xQ,AIDS,1st,https://dummyimage.com/139x727
Michelle Gonzalez,michellegonzalez24soc@vetias.ac.in,y:|hZUQV,Sociology,1st,https://dummyimage.com/312x110
Diane Fitzgerald,dianefitzgerald24aid@vetias.ac.in,<|E8rY04,AIDS,1st,https://picsum.photos/82/623
Christopher Patel,christopherpatel22soc@vetias.ac.in,"+K(lX,O1",Sociology,3rd,https://dummyimage.com/712x433
Thomas Lozano,thomaslozano23aid@vetias.ac.in,\#Bdlm\C,AIDS,2nd,https://placekitten.com/136/226
Brenda Warren,brendawarren22it@vetias.ac.in,w7NwvJXQ,IT,3rd,https://dummyimage.com/149x305
Christopher Harper,christopherharper24ca@vetias.ac.in,D?=!qSH*,CA,1st,https://dummyimage.com/628x265
Gregory Smith,gregorysmith23ca@vetias.ac.in,"Z2^AdE;""",CA,2nd,https://placekitten.com/30/250
Brittany Anthony,brittanyanthony23bba@vetias.ac.in,t5`efW1_,BBA,2nd,https://placekitten.com/399/706
Joshua Smith,joshuasmith23ca@vetias.ac.in,UegOM7(/,CA,2nd,https://dummyimage.com/161x138
Lee Rodriguez,leerodriguez24it@vetias.ac.in,*G?1:q2R,IT,1st,https://picsum.photos/484/873
Carl York,carlyork24aid@vetias.ac.in,"?OiJ,OOb",AIDS,1st,https://picsum.photos/537/269
Crystal Powell,crystalpowell22soc@vetias.ac.in,":OJ8i""h\",Sociology,3rd,https://dummyimage.com/334x1008
Anthony Nichols,anthonynichols22it@vetias.ac.in,4FM^KFmN,IT,3rd,https://dummyimage.com/164x259
Jennifer Barnes,jenniferbarnes24it@vetias.ac.in,R\AY`KRl,IT,1st,https://dummyimage.com/141x811
Nicholas Smith,nicholassmith23bba@vetias.ac.in,u@x[l={3,BBA,2nd,https://placekitten.com/451/10
Jennifer Brown,jenniferbrown22aid@vetias.ac.in,"@Nw*Xz""R",AIDS,3rd,https://dummyimage.com/963x113
Andrew Richards,andrewrichards22aid@vetias.ac.in,"0{b""YC|u",AIDS,3rd,https://picsum.photos/400/614
Arthur Reyes,arthurreyes23ca@vetias.ac.in,$g6z#Z`V,CA,2nd,https://placekitten.com/659/807
Paul Williams,paulwilliams24soc@vetias.ac.in,+3Yl`zH9,Sociology,1st,https://dummyimage.com/6x889
Michael Willis,michaelwillis22ca@vetias.ac.in,vO2;M/j>,CA,3rd,https://placekitten.com/44/692
Douglas Garrett,douglasgarrett22bco@vetias.ac.in,'wRq`Fm',BCom,3rd,https://picsum.photos/260/689
Holly Hudson,hollyhudson22soc@vetias.ac.in,zFC%%hg9,Sociology,3rd,https://placekitten.com/600/539
Matthew Crawford,matthewcrawford22ca@vetias.ac.in,VEU&T)3g,CA,3rd,https://dummyimage.com/122x382
Gregory Kennedy,gregorykennedy23it@vetias.ac.in,h%0z6P41,IT,2nd,https://dummyimage.com/280x211
Jason Sutton,jasonsutton24ca@vetias.ac.in,IiJ\1imN,CA,1st,https://picsum.photos/458/574
Holly Lopez,hollylopez23it@vetias.ac.in,Z;ld&'K9,IT,2nd,https://placekitten.com/508/448
Gary Lewis,garylewis24bba@vetias.ac.in,Y'ZMc|@J,BBA,1st,https://picsum.photos/191/503
Shannon Wilson,shannonwilson22ca@vetias.ac.in,B]h0#NGi,CA,3rd,https://dummyimage.com/11x83
Hannah Good,hannahgood22bba@vetias.ac.in,$4&EzxZu,BBA,3rd,https://placekitten.com/966/844
Kristen Valenzuela,kristenvalenzuela23bco@vetias.ac.in,&C^_5S<z,BCom,2nd,https://placekitten.com/452/646
Stephen Herman,stephenherman22bco@vetias.ac.in,I;q+c.qh,BCom,3rd,https://placekitten.com/941/879
Sarah Griffin,sarahgriffin24soc@vetias.ac.in,qgGCR'=p,Sociology,1st,https://placekitten.com/202/27
Jack Bennett,jackbennett24bco@vetias.ac.in,jhv2aq}9,BCom,1st,https://placekitten.com/696/810
Dana Perkins,danaperkins24soc@vetias.ac.in,n1'Frl7W,Sociology,1st,https://placekitten.com/621/860
Joseph Baker,josephbaker22bba@vetias.ac.in,5kGYhY]W,BBA,3rd,https://dummyimage.com/762x372
Stephen Landry,stephenlandry24soc@vetias.ac.in,v=vQ1*9M,Sociology,1st,https://placekitten.com/106/175
Dylan Johnson,dylanjohnson22ca@vetias.ac.in,"L1""w`u.t",CA,3rd,https://placekitten.com/39/731
Patricia Martin,patriciamartin23bco@vetias.ac.in,Dy=j1&&<,BCom,2nd,https://dummyimage.com/70x65
Kathleen Williamson,kathleenwilliamson22bco@vetias.ac.in,(hBc@{5l,BCom,3rd,https://placekitten.com/613/365
Erin Moore,erinmoore24it@vetias.ac.in,b'A-vcZV,IT,1st,https://dummyimage.com/825x398
Renee Walker,reneewalker23bco@vetias.ac.in,fq)k|:}p,BCom,2nd,https://placekitten.com/813/667
Brandon Gonzalez,brandongonzalez22soc@vetias.ac.in,2K%2!-$5,Sociology,3rd,https://dummyimage.com/525x38
Jose Solis,josesolis24soc@vetias.ac.in,<!Zc50W&,Sociology,1st,https://picsum.photos/335/780
Clarence Perez,clarenceperez24bco@vetias.ac.in,Bq;XeC@@,BCom,1st,https://dummyimage.com/173x737
Andrew Boyd,andrewboyd23soc@vetias.ac.in,6i&SkCES,Sociology,2nd,https://dummyimage.com/82x366
Troy Norris,troynorris23bba@vetias.ac.in,Jy'`mZSh,BBA,2nd,https://dummyimage.com/571x846
Kathryn Campbell,kathryncampbell23soc@vetias.ac.in,qs7A;>DA,Sociology,2nd,https://dummyimage.com/375x824
David Barnes,davidbarnes23bba@vetias.ac.in,9l`3HQHm,BBA,2nd,https://placekitten.com/995/595
Mary Nielsen,marynielsen22it@vetias.ac.in,DE79o=XD,IT,3rd,https://placekitten.com/559/760
Eric Mason,ericmason24ca@vetias.ac.in,}5.Z6L{7,CA,1st,https://dummyimage.com/378x693
Jacob Graham,jacobgraham22bco@vetias.ac.in,"Cw!fyP,G",BCom,3rd,https://picsum.photos/280/202
Emily Simpson,emilysimpson24it@vetias.ac.in,'y<]Swx`,IT,1st,https://dummyimage.com/288x939
Kathleen Garrison,kathleengarrison24bco@vetias.ac.in,sl/@=i7.,BCom,1st,https://dummyimage.com/588x627
Mr. Corey Jones DVM,mr.coreyjonesdvm24aid@vetias.ac.in,T'eqy@P},AIDS,1st,https://picsum.photos/888/301
Maria Schmitt,mariaschmitt24soc@vetias.ac.in,Ks|7g^rY,Sociology,1st,https://picsum.photos/374/608
Steven Lloyd,stevenlloyd23ca@vetias.ac.in,~nwsz;4b,CA,2nd,https://dummyimage.com/167x870
George Miles,georgemiles23aid@vetias.ac.in,",Y`FCL.d",AIDS,2nd,https://dummyimage.com/263x607
Louis Johnson,louisjohnson24bba@vetias.ac.in,5\zr*65^,BBA,1st,https://placekitten.com/689/878
Amber Hampton,amberhampton23bba@vetias.ac.in,{\h<LHc6,BBA,2nd,https://picsum.photos/430/692
Amanda Bentley,amandabentley22ca@vetias.ac.in,;AP6^<$a,CA,3rd,https://picsum.photos/877/282
John Ross,johnross24ca@vetias.ac.in,~0dB;\Tw,CA,1st,https://dummyimage.com/106x886
Stephen Cuevas,stephencuevas24ca@vetias.ac.in,WuPQ2n9J,CA,1st,https://placekitten.com/985/75
Tammy Walker,tammywalker23ca@vetias.ac.in,RLq?@*>r,CA,2nd,https://placekitten.com/789/39
Stephanie Rodriguez,stephanierodriguez23it@vetias.ac.in,`W%4AA8+,IT,2nd,https://dummyimage.com/157x492
Annette Hall,annettehall22soc@vetias.ac.in,TbhsUxuu,Sociology,3rd,https://placekitten.com/92/547
Jennifer Casey,jennifercasey23it@vetias.ac.in,T}hnHFzC,IT,2nd,https://picsum.photos/927/850
Charles Morgan,charlesmorgan22bba@vetias.ac.in,l!kaG[A~,BBA,3rd,https://placekitten.com/532/829
Jaime Hoffman,jaimehoffman24aid@vetias.ac.in,"a.J[B:,'",AIDS,1st,https://picsum.photos/615/212
Antonio Espinoza,antonioespinoza23ca@vetias.ac.in,ws0adRa\,CA,2nd,https://picsum.photos/896/933
Randy Edwards,randyedwards24ca@vetias.ac.in,"Ws9;fd,h",CA,1st,https://placekitten.com/419/315
Paul Parsons,paulparsons22bco@vetias.ac.in,|#Bf{Qt6,BCom,3rd,https://picsum.photos/318/441
Robert Davidson,robertdavidson22bba@vetias.ac.in,mecvg3k',BBA,3rd,https://placekitten.com/870/420
Denise Campbell,denisecampbell23it@vetias.ac.in,>q#3Hf[h,IT,2nd,https://dummyimage.com/360x623
Edward Stokes,edwardstokes24bco@vetias.ac.in,B{lYKfTw,BCom,1st,https://picsum.photos/420/550
Amy Ramirez,amyramirez24ca@vetias.ac.in,{5b%sI|3,CA,1st,https://dummyimage.com/230x832
Erika Mathis,erikamathis23bco@vetias.ac.in,AqoAzx|;,BCom,2nd,https://placekitten.com/351/779
Brandon Swanson,brandonswanson24bba@vetias.ac.in,-I<zmM3L,BBA,1st,https://dummyimage.com/638x353
Nicole Hooper,nicolehooper24bba@vetias.ac.in,X_qT\ma},BBA,1st,https://picsum.photos/903/593
Terry Nicholson,terrynicholson22ca@vetias.ac.in,"z'?*,^3B",CA,3rd,https://placekitten.com/630/249
Angel Brown,angelbrown23it@vetias.ac.in,"5.f,ax#u",IT,2nd,https://picsum.photos/370/808
Douglas Martinez,douglasmartinez24ca@vetias.ac.in,;1*E$an%,CA,1st,https://dummyimage.com/871x762
Shawn Dawson,shawndawson24it@vetias.ac.in,"A_zDiq',",IT,1st,https://picsum.photos/565/801
Lucas Allen,lucasallen23bco@vetias.ac.in,{-4f=A1O,BCom,2nd,https://placekitten.com/267/908
Jared James,jaredjames23ca@vetias.ac.in,R{(KrHmY,CA,2nd,https://dummyimage.com/115x690
Carolyn Hanson,carolynhanson23aid@vetias.ac.in,+W(t>M-A,AIDS,2nd,https://dummyimage.com/526x765
Matthew Mendoza,matthewmendoza22ca@vetias.ac.in,ePwn*bG^,CA,3rd,https://dummyimage.com/967x142
Heather Pena,heatherpena24bco@vetias.ac.in,3~llFtG{,BCom,1st,https://placekitten.com/456/248
Virginia Patterson,virginiapatterson24aid@vetias.ac.in,q$Pw+pOD,AIDS,1st,https://placekitten.com/490/567
Timothy Holland,timothyholland23bco@vetias.ac.in,@).U~Qg3,BCom,2nd,https://dummyimage.com/114x443
Tony Jones,tonyjones22it@vetias.ac.in,L-JS=R`G,IT,3rd,https://picsum.photos/114/593
Thomas Collins,thomascollins22it@vetias.ac.in,dZC<s;ts,IT,3rd,https://placekitten.com/784/127
Jose Hall,josehall24aid@vetias.ac.in,"g,kcW@Ec",AIDS,1st,https://picsum.photos/864/128
Mrs. Lisa Nash,mrs.lisanash24soc@vetias.ac.in,U_Pt7c\%,Sociology,1st,https://dummyimage.com/761x596
Edward James,edwardjames24soc@vetias.ac.in,dY;hSaq<,Sociology,1st,https://dummyimage.com/85x119
Douglas Stewart,douglasstewart22bba@vetias.ac.in,#;<N0z3m,BBA,3rd,https://dummyimage.com/804x25
Amber Terry MD,amberterrymd23aid@vetias.ac.in,/n&TGwzB,AIDS,2nd,https://placekitten.com/852/751
Kevin Sanders,kevinsanders23ca@vetias.ac.in,rw?nD=A&,CA,2nd,https://dummyimage.com/888x912
Matthew Hunter,matthewhunter23aid@vetias.ac.in,j6?J-K[p,AIDS,2nd,https://picsum.photos/537/284
Scott Griffin,scottgriffin23ca@vetias.ac.in,_#cP.v4z,CA,2nd,https://picsum.photos/262/530
Barbara Nunez,barbaranunez24bba@vetias.ac.in,'-7?)p9|,BBA,1st,https://picsum.photos/179/353
Philip Prince,philipprince22aid@vetias.ac.in,$I~/pOoL,AIDS,3rd,https://dummyimage.com/362x870
Tammy Cummings,tammycummings23it@vetias.ac.in,"5T'?|,4U",IT,2nd,https://dummyimage.com/805x668
Harold Grant,haroldgrant22soc@vetias.ac.in,k3Wxc9P],Sociology,3rd,https://placekitten.com/304/291
Michelle Robinson,michellerobinson23bba@vetias.ac.in,myOWh\or,BBA,2nd,https://dummyimage.com/46x250
Lawrence Cole,lawrencecole23soc@vetias.ac.in,""".x}iYQX",Sociology,2nd,https://dummyimage.com/739x167
Brittany Scott,brittanyscott24aid@vetias.ac.in,"F+""*b{#N",AIDS,1st,https://placekitten.com/150/232
Briana Mason,brianamason22bba@vetias.ac.in,"y,ACPKt}",BBA,3rd,https://placekitten.com/290/748
Wayne Brennan,waynebrennan23aid@vetias.ac.in,"\`sPi,7W",AIDS,2nd,https://dummyimage.com/603x648
Margaret Mayo,margaretmayo24ca@vetias.ac.in,Hx7-`K\l,CA,1st,https://picsum.photos/536/997
Drew House,drewhouse22soc@vetias.ac.in,">`p<X*""z",Sociology,3rd,https://placekitten.com/460/530
Angela Hernandez,angelahernandez24it@vetias.ac.in,uG|Y*uh1,IT,1st,https://picsum.photos/947/112
Ricky Nguyen,rickynguyen22soc@vetias.ac.in,"Y>A}~(E""",Sociology,3rd,https://placekitten.com/258/963
Brandon Hodge,brandonhodge24ca@vetias.ac.in,~]ORtXvQ,CA,1st,https://placekitten.com/273/232
Kaitlin Kaufman,kaitlinkaufman24soc@vetias.ac.in,newv##3p,Sociology,1st,https://picsum.photos/448/268
Kevin Bradford,kevinbradford23ca@vetias.ac.in,}1-+@-[),CA,2nd,https://dummyimage.com/22x865
Jill Francis,jillfrancis23bba@vetias.ac.in,V]-W'}Ch,BBA,2nd,https://picsum.photos/20/364
Michael Ortiz,michaelortiz24soc@vetias.ac.in,\vP-Awk_,Sociology,1st,https://dummyimage.com/52x923
Jasmine Lewis,jasminelewis22aid@vetias.ac.in,r|x(rLip,AIDS,3rd,https://placekitten.com/319/41
Timothy King,timothyking23ca@vetias.ac.in,P8RI7`ZA,CA,2nd,https://placekitten.com/723/365
Randy Sherman,randysherman22aid@vetias.ac.in,b8i8s.bi,AIDS,3rd,https://placekitten.com/526/336
Charles Gordon,charlesgordon22soc@vetias.ac.in,!UG}RZvC,Sociology,3rd,https://picsum.photos/63/383
Ryan Schneider,ryanschneider24bco@vetias.ac.in,!u6w{mGo,BCom,1st,https://dummyimage.com/725x320
Natalie Savage,nataliesavage24bco@vetias.ac.in,g'<YU{Qb,BCom,1st,https://dummyimage.com/359x33
Joshua Henderson,joshuahenderson23bco@vetias.ac.in,vV[Ojm!i,BCom,2nd,https://picsum.photos/259/883
Patricia Williams,patriciawilliams24aid@vetias.ac.in,Q!miDYt&,AIDS,1st,https://placekitten.com/201/834
Dawn Atkins,dawnatkins24bco@vetias.ac.in,gx705]P@,BCom,1st,https://picsum.photos/991/405
Monica Bell,monicabell24bco@vetias.ac.in,"@n"",ou<U",BCom,1st,https://dummyimage.com/654x539
Vickie Gonzalez,vickiegonzalez23bco@vetias.ac.in,a_1lXj)s,BCom,2nd,https://dummyimage.com/396x153
Jason Hurst,jasonhurst23aid@vetias.ac.in,"OCr,z4l0",AIDS,2nd,https://dummyimage.com/474x57
Mr. Alex Anderson,mr.alexanderson23aid@vetias.ac.in,<ESQN7'?,AIDS,2nd,https://dummyimage.com/153x751
Mark Freeman,markfreeman23aid@vetias.ac.in,"K[T6V.H,",AIDS,2nd,https://dummyimage.com/18x821
Johnny Shelton,johnnyshelton23aid@vetias.ac.in,[>GsF!W4,AIDS,2nd,https://dummyimage.com/533x756
Joe Carlson,joecarlson24ca@vetias.ac.in,uQvO{NV!,CA,1st,https://picsum.photos/93/845
Cassandra Gonzalez,cassandragonzalez24bco@vetias.ac.in,bJqmv%{g,BCom,1st,https://dummyimage.com/434x909
Mary Gomez,marygomez23it@vetias.ac.in,Io\/]rm[,IT,2nd,https://picsum.photos/760/579
John Jensen,johnjensen24it@vetias.ac.in,Q@\ICU>W,IT,1st,https://picsum.photos/501/128
Jasmine White,jasminewhite23soc@vetias.ac.in,"Kda&>f""i",Sociology,2nd,https://dummyimage.com/77x386
David Rowe,davidrowe23aid@vetias.ac.in,z[jH'n(R,AIDS,2nd,https://placekitten.com/997/607
Paige Morris,paigemorris23bba@vetias.ac.in,"]?8oC'Q""",BBA,2nd,https://placekitten.com/115/365
Jessica Spencer,jessicaspencer23it@vetias.ac.in,kuFCfWg2,IT,2nd,https://placekitten.com/383/659
Dr. Edward Lara DDS,dr.edwardlaradds23aid@vetias.ac.in,&*33(`dS,AIDS,2nd,https://dummyimage.com/736x150
Douglas Mathews,douglasmathews24ca@vetias.ac.in,GedpzhXK,CA,1st,https://dummyimage.com/250x486
Brianna Flores,briannaflores24it@vetias.ac.in,xjbn)BNI,IT,1st,https://dummyimage.com/374x58
Tiffany Ruiz,tiffanyruiz23bco@vetias.ac.in,SF]tq!Q8,BCom,2nd,https://picsum.photos/900/108
Robert Davidson,robertdavidson24soc@vetias.ac.in,ye5#tDA2,Sociology,1st,https://dummyimage.com/573x676
Felicia Kemp,feliciakemp23aid@vetias.ac.in,j%B].iqg,AIDS,2nd,https://placekitten.com/912/663
Travis Brown,travisbrown24bco@vetias.ac.in,CSZg8d5a,BCom,1st,https://picsum.photos/244/836
Gabriela Johnson,gabrielajohnson23soc@vetias.ac.in,@J'QMcPN,Sociology,2nd,https://dummyimage.com/675x891
Robert Thompson,robertthompson22bba@vetias.ac.in,ojV-&5M2,BBA,3rd,https://dummyimage.com/556x146
Nicole Neal,nicoleneal24soc@vetias.ac.in,IO+{c0Oh,Sociology,1st,https://placekitten.com/798/417
Brenda Williams,brendawilliams23soc@vetias.ac.in,(Bwz!4!b,Sociology,2nd,https://picsum.photos/445/220
Allen Brown,allenbrown23bba@vetias.ac.in,"CI}1-""),",BBA,2nd,https://dummyimage.com/542x443
Rebecca Macias,rebeccamacias24it@vetias.ac.in,MoF*a2=e,IT,1st,https://placekitten.com/68/234
Michael Spencer,michaelspencer22ca@vetias.ac.in,jsWj3eEp,CA,3rd,https://placekitten.com/134/32
Jesse Everett,jesseeverett24bco@vetias.ac.in,9bBK9h2I,BCom,1st,https://placekitten.com/716/54
Elijah Richardson,elijahrichardson24soc@vetias.ac.in,!@{.OV0^,Sociology,1st,https://placekitten.com/610/650
Veronica Miller,veronicamiller22it@vetias.ac.in,0?.Br$LT,IT,3rd,https://placekitten.com/433/249
Rebecca Yates,rebeccayates22soc@vetias.ac.in,;w5rfV$9,Sociology,3rd,https://dummyimage.com/490x266
Kathryn Walker,kathrynwalker23soc@vetias.ac.in,%Rr5]bQ@,Sociology,2nd,https://placekitten.com/332/61
Janet Hodge,janethodge24soc@vetias.ac.in,`K.d$Dv$,Sociology,1st,https://placekitten.com/254/431
Nicholas Mcmahon,nicholasmcmahon23bco@vetias.ac.in,s_<>TnJ;,BCom,2nd,https://placekitten.com/227/256
Laurie Johnson,lauriejohnson22it@vetias.ac.in,<!#>yCq%,IT,3rd,https://picsum.photos/852/14
Jessica Bailey,jessicabailey23ca@vetias.ac.in,T*kK:+Qu,CA,2nd,https://picsum.photos/896/309
Christopher Ford,christopherford24bba@vetias.ac.in,"Qf*JN"".\",BBA,1st,https://picsum.photos/955/198
Tina Fuller,tinafuller22aid@vetias.ac.in,>p{s58Og,AIDS,3rd,https://placekitten.com/888/380
William Gray,williamgray22aid@vetias.ac.in,{^eM~%p[,AIDS,3rd,https://dummyimage.com/55x75
Carlos Freeman,carlosfreeman22aid@vetias.ac.in,Q;DIS1>),AIDS,3rd,https://picsum.photos/618/947
Guy Petersen,guypetersen23it@vetias.ac.in,t9|kGMx8,IT,2nd,https://dummyimage.com/329x15
Maxwell Snyder,maxwellsnyder23ca@vetias.ac.in,`+bVg9lB,CA,2nd,https://picsum.photos/494/213
Michael Hayes,michaelhayes22bba@vetias.ac.in,)!pECW4$,BBA,3rd,https://picsum.photos/586/46
Joseph Roberts,josephroberts22ca@vetias.ac.in,?sU<\JTz,CA,3rd,https://placekitten.com/861/446
Jill Novak,jillnovak23ca@vetias.ac.in,$$Cd)+k?,CA,2nd,https://dummyimage.com/875x182
Robert Wilson,robertwilson24it@vetias.ac.in,n'0C(E9f,IT,1st,https://dummyimage.com/220x55
Rebecca King,rebeccaking22ca@vetias.ac.in,s9<;D|cY,CA,3rd,https://picsum.photos/294/232
Stephanie Flores,stephanieflores23it@vetias.ac.in,"ABG#B,6r",IT,2nd,https://dummyimage.com/423x903
Toni Franklin,tonifranklin24soc@vetias.ac.in,=E5\eZ`g,Sociology,1st,https://picsum.photos/863/20
Tina Morris,tinamorris24bco@vetias.ac.in,"PL!""EgC&",BCom,1st,https://placekitten.com/199/425
David Andrews,davidandrews24it@vetias.ac.in,QxPy5+h<,IT,1st,https://picsum.photos/218/346
Jacob Graham,jacobgraham23it@vetias.ac.in,om\+@Wxy,IT,2nd,https://picsum.photos/194/401
Janet Edwards,janetedwards23ca@vetias.ac.in,Q10d@_4I,CA,2nd,https://picsum.photos/94/49
Alison Miller,alisonmiller23it@vetias.ac.in,F&Z'>\0C,IT,2nd,https://dummyimage.com/1021x828
Jennifer Williams,jenniferwilliams24aid@vetias.ac.in,"i&Cs,)S/",AIDS,1st,https://placekitten.com/22/157
Lisa Simmons,lisasimmons24ca@vetias.ac.in,s!2AIpy5,CA,1st,https://dummyimage.com/911x885
Lisa Mccoy,lisamccoy24soc@vetias.ac.in,'O:-qp7u,Sociology,1st,https://picsum.photos/305/999
Gerald Clark,geraldclark22soc@vetias.ac.in,Rni&MK3a,Sociology,3rd,https://placekitten.com/81/8
Anita Olson,anitaolson24it@vetias.ac.in,B9@2h*qs,IT,1st,https://placekitten.com/439/643
Nathan Parks,nathanparks22ca@vetias.ac.in,eJuIh~SV,CA,3rd,https://placekitten.com/495/534
Eileen Tate,eileentate22bba@vetias.ac.in,6l~95^*D,BBA,3rd,https://picsum.photos/247/557
Melissa Lee,melissalee22soc@vetias.ac.in,I'U[O]fm,Sociology,3rd,https://dummyimage.com/354x727
Melissa Roth,melissaroth24bba@vetias.ac.in,"r&?}@$""v",BBA,1st,https://dummyimage.com/859x469
Emily Lawrence,emilylawrence22it@vetias.ac.in,"N0;CGo,t",IT,3rd,https://dummyimage.com/768x466
Latoya Spencer,latoyaspencer23bba@vetias.ac.in,O=z(S270,BBA,2nd,https://placekitten.com/62/151
Steven Walsh,stevenwalsh23ca@vetias.ac.in,&O]f7Ba`,CA,2nd,https://placekitten.com/300/216
Monica Mata,monicamata22bco@vetias.ac.in,"94""/Ua[m",BCom,3rd,https://picsum.photos/226/634
Cynthia Hall,cynthiahall24bco@vetias.ac.in,f`|5SDF.,BCom,1st,https://picsum.photos/213/353
Curtis Nelson,curtisnelson24it@vetias.ac.in,r$t'PdB{,IT,1st,https://dummyimage.com/998x299
Jeanne Harris,jeanneharris24it@vetias.ac.in,.3F<1uM<,IT,1st,https://picsum.photos/714/651
Gail Holmes,gailholmes24it@vetias.ac.in,8-Qpx(5I,IT,1st,https://picsum.photos/170/235
Erica Hartman,ericahartman23bco@vetias.ac.in,ZS4%glYh,BCom,2nd,https://picsum.photos/166/299
Chad Dillon,chaddillon23aid@vetias.ac.in,s;&gp[\2,AIDS,2nd,https://dummyimage.com/357x860
Wayne Frank,waynefrank22aid@vetias.ac.in,z-'q:_Pw,AIDS,3rd,https://picsum.photos/818/387
Tamara Medina,tamaramedina24aid@vetias.ac.in,?{o)Qe&8,AIDS,1st,https://dummyimage.com/33x948
Alexis Lester,alexislester23soc@vetias.ac.in,GPz8v)iF,Sociology,2nd,https://placekitten.com/823/548
Grant Cole,grantcole22aid@vetias.ac.in,^n`UX8uC,AIDS,3rd,https://dummyimage.com/810x565
Brendan Sellers,brendansellers22aid@vetias.ac.in,>Z.V.H0Z,AIDS,3rd,https://dummyimage.com/173x332
Joshua Gibson,joshuagibson22ca@vetias.ac.in,vW>}Cz<&,CA,3rd,https://dummyimage.com/115x840
Brianna Lopez,briannalopez22bba@vetias.ac.in,A>/n0xsX,BBA,3rd,https://placekitten.com/850/680
Tiffany Mcclure,tiffanymcclure22it@vetias.ac.in,$?zy=W<C,IT,3rd,https://placekitten.com/777/299
Amy Bowman,amybowman22aid@vetias.ac.in,"HqFJ!G"")",AIDS,3rd,https://dummyimage.com/210x671
Jennifer Alexander,jenniferalexander24aid@vetias.ac.in,xJ9:oGY',AIDS,1st,https://dummyimage.com/767x690
Natalie Murphy,nataliemurphy23bco@vetias.ac.in,+ZLP>?*H,BCom,2nd,https://picsum.photos/15/805
Edward Douglas,edwarddouglas22bba@vetias.ac.in,qidy{Xw$,BBA,3rd,https://placekitten.com/922/693
Daniel Stephenson,danielstephenson24bco@vetias.ac.in,"d:<GVHr,",BCom,1st,https://placekitten.com/284/325
Lisa Rios,lisarios23bba@vetias.ac.in,"D""9sNd}Q",BBA,2nd,https://dummyimage.com/980x605
Curtis Kidd,curtiskidd22bco@vetias.ac.in,`VwCV>_*,BCom,3rd,https://placekitten.com/652/274
Angela Gay,angelagay22ca@vetias.ac.in,OiC6`?N],CA,3rd,https://dummyimage.com/656x62
Caroline Anderson,carolineanderson23it@vetias.ac.in,W|.2B?mE,IT,2nd,https://picsum.photos/532/355
Ricardo Perez,ricardoperez23bco@vetias.ac.in,;IS>4v8W,BCom,2nd,https://dummyimage.com/767x104
Alexandria Thompson,alexandriathompson22bba@vetias.ac.in,72#tO]S2,BBA,3rd,https://dummyimage.com/883x721
Robert Nelson,robertnelson22bco@vetias.ac.in,J-ZfQ+Tr,BCom,3rd,https://picsum.photos/618/50
April Hansen,aprilhansen23it@vetias.ac.in,Y0SSQBgJ,IT,2nd,https://dummyimage.com/92x966
Christian Hill,christianhill22bba@vetias.ac.in,kG;*.OCN,BBA,3rd,https://placekitten.com/164/1014
Olivia Sanchez,oliviasanchez23it@vetias.ac.in,I_n@lM=P,IT,2nd,https://placekitten.com/986/550
Richard Welch,richardwelch24soc@vetias.ac.in,"l,E:x.,`",Sociology,1st,https://placekitten.com/493/14
Kelsey Copeland,kelseycopeland24bco@vetias.ac.in,74R-UWL$,BCom,1st,https://picsum.photos/383/717
Samuel Smith,samuelsmith22aid@vetias.ac.in,tiL'4`GN,AIDS,3rd,https://picsum.photos/189/442
Ronnie Espinoza,ronnieespinoza23bco@vetias.ac.in,w5TJEpmg,BCom,2nd,https://picsum.photos/150/527
Amanda Gonzales,amandagonzales24bco@vetias.ac.in,"Z>)3""""&Y",BCom,1st,https://picsum.photos/597/689
Mary Bennett,marybennett23ca@vetias.ac.in,-lZY0\[!,CA,2nd,https://dummyimage.com/850x658
Ashley Riggs,ashleyriggs24bba@vetias.ac.in,$(q]YCl&,BBA,1st,https://dummyimage.com/1002x414
Adam Hernandez,adamhernandez23it@vetias.ac.in,"""J98r$R.",IT,2nd,https://dummyimage.com/504x53
Adam Walton,adamwalton24it@vetias.ac.in,WK{Jn]LX,IT,1st,https://picsum.photos/789/221
George Pope,georgepope24soc@vetias.ac.in,|K5jiirh,Sociology,1st,https://placekitten.com/123/483
Chad Flores,chadflores22aid@vetias.ac.in,"3^$Ta"")^",AIDS,3rd,https://placekitten.com/201/129
David Parks,davidparks24bco@vetias.ac.in,"m@O;""M;r",BCom,1st,https://picsum.photos/1001/562
Marcus Daniels,marcusdaniels23aid@vetias.ac.in,W3&]n`Y<,AIDS,2nd,https://dummyimage.com/432x109
Meagan Yoder,meaganyoder22bco@vetias.ac.in,.587}l<O,BCom,3rd,https://dummyimage.com/387x691
Andrew Wilson,andrewwilson22soc@vetias.ac.in,vw;l%4fk,Sociology,3rd,https://dummyimage.com/941x881
Pamela Stevens,pamelastevens23bba@vetias.ac.in,7Fw{LL+W,BBA,2nd,https://picsum.photos/71/963
Alexander Morris,alexandermorris22it@vetias.ac.in,ROioNX^9,IT,3rd,https://placekitten.com/229/750
Brenda Duke,brendaduke22it@vetias.ac.in,E7^~$Xnp,IT,3rd,https://placekitten.com/444/237
Emily Torres,emilytorres23ca@vetias.ac.in,znOB+DGx,CA,2nd,https://dummyimage.com/234x304
Jessica Craig,jessicacraig24aid@vetias.ac.in,0AXk&Z2*,AIDS,1st,https://dummyimage.com/864x938
Luis Morris,luismorris23soc@vetias.ac.in,6lGQIN.L,Sociology,2nd,https://picsum.photos/60/710
Matthew Orozco,mattheworozco24bco@vetias.ac.in,&k*WqC%G,BCom,1st,https://placekitten.com/228/712
Adam Willis,adamwillis23soc@vetias.ac.in,"4'Z,~&#o",Sociology,2nd,https://dummyimage.com/350x599
Emily Galloway,emilygalloway22aid@vetias.ac.in,gP$[H]#?,AIDS,3rd,https://dummyimage.com/934x533
Kristy King,kristyking24soc@vetias.ac.in,\QZ\e*FG,Sociology,1st,https://picsum.photos/16/706
Jenny Yang,jennyyang24soc@vetias.ac.in,Ag!v0Qj8,Sociology,1st,https://picsum.photos/726/318
Dylan Jordan,dylanjordan23aid@vetias.ac.in,k5ApZ/T:,AIDS,2nd,https://dummyimage.com/503x226
Carol Oconnell,caroloconnell23bco@vetias.ac.in,I*)S2x%x,BCom,2nd,https://placekitten.com/980/268
Jason Ramirez,jasonramirez22it@vetias.ac.in,"""c9.'wgl",IT,3rd,https://placekitten.com/401/81
Thomas Mcdowell,thomasmcdowell24bco@vetias.ac.in,H~:4#X$5,BCom,1st,https://dummyimage.com/850x173
Jennifer Johnson,jenniferjohnson24ca@vetias.ac.in,"Q*;0K.,_",CA,1st,https://placekitten.com/273/251
Andrea Hayes,andreahayes23bco@vetias.ac.in,<jV?Y#MH,BCom,2nd,https://picsum.photos/818/394
Whitney Thompson,whitneythompson22ca@vetias.ac.in,p8nodpLd,CA,3rd,https://dummyimage.com/746x523
Katherine Mitchell,katherinemitchell24aid@vetias.ac.in,"J,!pR;->",AIDS,1st,https://placekitten.com/906/657
Colton Lopez,coltonlopez24soc@vetias.ac.in,st>|6K$],Sociology,1st,https://placekitten.com/46/180
Nancy Meyer MD,nancymeyermd24ca@vetias.ac.in,R#:G^0}?,CA,1st,https://dummyimage.com/95x967
Audrey Alexander,audreyalexander23aid@vetias.ac.in,"%Fl""'{x=",AIDS,2nd,https://dummyimage.com/425x736
Juan Garcia,juangarcia23it@vetias.ac.in,RfSta](3,IT,2nd,https://dummyimage.com/444x508
Michael Johnson,michaeljohnson23soc@vetias.ac.in,[knfBzel,Sociology,2nd,https://dummyimage.com/633x341
Julie Brown,juliebrown24bco@vetias.ac.in,%&=:Dd9|,BCom,1st,https://picsum.photos/146/243
Michael Gray,michaelgray24it@vetias.ac.in,"11d7,jPr",IT,1st,https://placekitten.com/989/43
Traci Hansen,tracihansen24it@vetias.ac.in,D;vse2Mc,IT,1st,https://placekitten.com/32/262
Jeffrey Meyers,jeffreymeyers22aid@vetias.ac.in,"gZ4M"",~|",AIDS,3rd,https://placekitten.com/106/618
Daniel Hale,danielhale23it@vetias.ac.in,'5V-XQ?i,IT,2nd,https://picsum.photos/770/120
Sharon Smith,sharonsmith24ca@vetias.ac.in,"hZ((w""q4",CA,1st,https://dummyimage.com/631x168
David Martinez,davidmartinez22aid@vetias.ac.in,l]i&v5-%,AIDS,3rd,https://dummyimage.com/98x149
Tonya Holmes,tonyaholmes23soc@vetias.ac.in,8TW\Nzig,Sociology,2nd,https://dummyimage.com/1008x452
Megan Love,meganlove23bco@vetias.ac.in,({jlhe2j,BCom,2nd,https://dummyimage.com/1009x881
Erin Robinson,erinrobinson23aid@vetias.ac.in,k##VcfDO,AIDS,2nd,https://placekitten.com/370/283
Maria Miller,mariamiller24it@vetias.ac.in,ZE681aHb,IT,1st,https://dummyimage.com/181x134
Lori Nichols DDS,lorinicholsdds24aid@vetias.ac.in,%%nR'JMs,AIDS,1st,https://dummyimage.com/737x70
Robert Mayer,robertmayer22it@vetias.ac.in,&2xidI$1,IT,3rd,https://placekitten.com/775/151
Nancy Dyer,nancydyer22ca@vetias.ac.in,Ek<Fb9O?,CA,3rd,https://placekitten.com/987/813
Shaun Nunez,shaunnunez23it@vetias.ac.in,rU%U^[XJ,IT,2nd,https://dummyimage.com/633x829
Rebecca Schneider,rebeccaschneider24aid@vetias.ac.in,e#$bls#|,AIDS,1st,https://placekitten.com/917/845
Joyce Jacobson,joycejacobson23bco@vetias.ac.in,"D:-fg""k4",BCom,2nd,https://picsum.photos/538/747
Diamond Moore,diamondmoore24aid@vetias.ac.in,"}s,#d]_*",AIDS,1st,https://placekitten.com/917/76
Kevin Myers,kevinmyers22soc@vetias.ac.in,@hz6'2+9,Sociology,3rd,https://picsum.photos/748/432
Christina Day,christinaday22it@vetias.ac.in,-(;e@o2.,IT,3rd,https://dummyimage.com/88x236
William Holland DDS,williamhollanddds24bba@vetias.ac.in,oA];`CZ8,BBA,1st,https://dummyimage.com/834x627
Robert Brooks,robertbrooks23bco@vetias.ac.in,1UGXQa[p,BCom,2nd,https://picsum.photos/124/757
Shelia Horton,sheliahorton23it@vetias.ac.in,fjtE{0#R,IT,2nd,https://placekitten.com/49/682
Jeffrey Matthews,jeffreymatthews22soc@vetias.ac.in,"bpOV.x""e",Sociology,3rd,https://placekitten.com/229/714
Keith Wall,keithwall24ca@vetias.ac.in,kh-5;5:6,CA,1st,https://dummyimage.com/716x956
Kelsey Young,kelseyyoung23aid@vetias.ac.in,k&STJQIJ,AIDS,2nd,https://placekitten.com/390/595
Charles Ware,charlesware24soc@vetias.ac.in,R.Uw86vK,Sociology,1st,https://placekitten.com/790/1012
Eric Smith,ericsmith22bba@vetias.ac.in,"%;m""$T'+",BBA,3rd,https://picsum.photos/233/216
Kyle Summers,kylesummers24ca@vetias.ac.in,&b##Ex_y,CA,1st,https://picsum.photos/65/858
Jonathan Guzman,jonathanguzman23soc@vetias.ac.in,d.%m>~bk,Sociology,2nd,https://picsum.photos/291/760
James Newman,jamesnewman22aid@vetias.ac.in,"lNnrt?),",AIDS,3rd,https://picsum.photos/281/40
Steven Adams,stevenadams23ca@vetias.ac.in,;|]ZITtK,CA,2nd,https://picsum.photos/482/15
Alicia Parker,aliciaparker24ca@vetias.ac.in,QUhYaLKd,CA,1st,https://dummyimage.com/463x999
Raymond Chavez,raymondchavez22ca@vetias.ac.in,;!A{#yoG,CA,3rd,https://picsum.photos/458/755
Rebecca Ramsey,rebeccaramsey22soc@vetias.ac.in,_#aBhb#a,Sociology,3rd,https://picsum.photos/518/624
Ann Hubbard,annhubbard22bba@vetias.ac.in,ig/Hp\G9,BBA,3rd,https://dummyimage.com/613x844
Lori Rios,loririos24aid@vetias.ac.in,"Y=O,#]eg",AIDS,1st,https://dummyimage.com/769x983
Charlotte Green,charlottegreen24soc@vetias.ac.in,hhvDol-H,Sociology,1st,https://dummyimage.com/735x966
Sandra Cooper,sandracooper23bco@vetias.ac.in,H*OofdO$,BCom,2nd,https://dummyimage.com/178x635
Amanda Rivera,amandarivera22soc@vetias.ac.in,j~vQFvGm,Sociology,3rd,https://picsum.photos/584/181
David Ward,davidward24it@vetias.ac.in,q82Pdj9=,IT,1st,https://placekitten.com/166/925
Randall Lamb MD,randalllambmd23ca@vetias.ac.in,i[=3]9PK,CA,2nd,https://picsum.photos/164/31
Danny Neal,dannyneal22soc@vetias.ac.in,|)8!E`'x,Sociology,3rd,https://placekitten.com/165/344
Tiffany Townsend,tiffanytownsend24ca@vetias.ac.in,_GG?*eF*,CA,1st,https://dummyimage.com/456x950
Daniel Sherman,danielsherman22bco@vetias.ac.in,eGIp_|gC,BCom,3rd,https://dummyimage.com/831x582
Melissa Marsh,melissamarsh22bco@vetias.ac.in,n)=/4<(T,BCom,3rd,https://picsum.photos/783/697
Tracy Roth,tracyroth22it@vetias.ac.in,".ric,l&j",IT,3rd,https://dummyimage.com/162x40
Brent Smith,brentsmith23soc@vetias.ac.in,p68dbi(n,Sociology,2nd,https://picsum.photos/234/640
Matthew Solis,matthewsolis22ca@vetias.ac.in,"T-=`dh,2",CA,3rd,https://picsum.photos/47/787
Sarah Lucero,sarahlucero22bco@vetias.ac.in,%r9rJdiF,BCom,3rd,https://placekitten.com/312/964
David Mcclure,davidmcclure22it@vetias.ac.in,"XM:+,CP(",IT,3rd,https://dummyimage.com/813x257
David White,davidwhite22aid@vetias.ac.in,6.[dYYgk,AIDS,3rd,https://picsum.photos/696/419
Johnny Macdonald,johnnymacdonald24ca@vetias.ac.in,D+CCNKuU,CA,1st,https://dummyimage.com/590x961
Linda Skinner,lindaskinner23aid@vetias.ac.in,=ON\56|',AIDS,2nd,https://placekitten.com/540/657
Michelle Dominguez,michelledominguez24bco@vetias.ac.in,N4T+!`no,BCom,1st,https://picsum.photos/28/330
Sandra Peterson,sandrapeterson22soc@vetias.ac.in,"n"";)?dfX",Sociology,3rd,https://picsum.photos/316/513
William Brown,williambrown23ca@vetias.ac.in,}X[w`@y@,CA,2nd,https://picsum.photos/309/1018
Jennifer Scott,jenniferscott22aid@vetias.ac.in,2fletHwA,AIDS,3rd,https://dummyimage.com/422x952
Kara Mcintosh,karamcintosh24it@vetias.ac.in,kziWjUVr,IT,1st,https://picsum.photos/257/944
Joshua Huang,joshuahuang22bba@vetias.ac.in,Y[I{f(Gg,BBA,3rd,https://placekitten.com/994/311
Dana Garcia,danagarcia22it@vetias.ac.in,`ga3=2K3,IT,3rd,https://picsum.photos/735/583
Sarah Mcdowell,sarahmcdowell23bba@vetias.ac.in,gt@/}\]],BBA,2nd,https://picsum.photos/974/425
Randy Huber,randyhuber24bco@vetias.ac.in,NR#`$^]<,BCom,1st,https://placekitten.com/211/647
Robert York,robertyork24bco@vetias.ac.in,{[x^^Eas,BCom,1st,https://placekitten.com/803/237
Gabriela Carter,gabrielacarter24bco@vetias.ac.in,J78`+VRC,BCom,1st,https://picsum.photos/776/635
Brenda Cameron,brendacameron24ca@vetias.ac.in,NjHq(fsV,CA,1st,https://placekitten.com/801/999
Sandra Stevens,sandrastevens22it@vetias.ac.in,=zcJJ{+n,IT,3rd,https://dummyimage.com/304x446
Jacqueline Hughes,jacquelinehughes23soc@vetias.ac.in,w|>u<FGo,Sociology,2nd,https://picsum.photos/145/453
Scott Lopez,scottlopez23ca@vetias.ac.in,8o+;FdoO,CA,2nd,https://picsum.photos/697/237
Kerry Harris,kerryharris24bba@vetias.ac.in,|/uMw8nl,BBA,1st,https://picsum.photos/449/85
Christina Becker,christinabecker22aid@vetias.ac.in,}@lPPtnE,AIDS,3rd,https://dummyimage.com/338x765
Peter Becker,peterbecker23ca@vetias.ac.in,5zY=dF)f,CA,2nd,https://placekitten.com/377/1007
Anna Robinson,annarobinson22aid@vetias.ac.in,U@#=P[`/,AIDS,3rd,https://dummyimage.com/187x412
David Stafford,davidstafford24ca@vetias.ac.in,Wo22AX'Z,CA,1st,https://picsum.photos/31/386
Mary Perez,maryperez23it@vetias.ac.in,cBBUCWth,IT,2nd,https://dummyimage.com/923x283
Carolyn Bush,carolynbush24soc@vetias.ac.in,g#1tVPRj,Sociology,1st,https://placekitten.com/673/782
Mary Evans,maryevans22bco@vetias.ac.in,diu8A?wE,BCom,3rd,https://placekitten.com/103/834
Nancy Daniels,nancydaniels22aid@vetias.ac.in,B9f?t8z#,AIDS,3rd,https://placekitten.com/1000/836
Laurie Johnson,lauriejohnson24it@vetias.ac.in,0D^:;-*@,IT,1st,https://dummyimage.com/316x358
Lauren Roberts,laurenroberts24bba@vetias.ac.in,Uv`GYT[V,BBA,1st,https://placekitten.com/897/658
Peter Lewis,peterlewis22aid@vetias.ac.in,='zbv|+%,AIDS,3rd,https://picsum.photos/341/658
Timothy Martin,timothymartin24soc@vetias.ac.in,;tiaIOf:,Sociology,1st,https://dummyimage.com/957x853
Tammy Jackson,tammyjackson23aid@vetias.ac.in,"PGu#W"",)",AIDS,2nd,https://placekitten.com/367/742
Richard White,richardwhite23soc@vetias.ac.in,"Z,Tl#bY}",Sociology,2nd,https://picsum.photos/226/465
Martin Combs,martincombs24bco@vetias.ac.in,_'cp&ZOb,BCom,1st,https://dummyimage.com/97x909
Daniel White,danielwhite23soc@vetias.ac.in,oL_`LC(\,Sociology,2nd,https://picsum.photos/565/463
Jacob Oneill MD,jacoboneillmd24it@vetias.ac.in,BPQ&N()d,IT,1st,https://placekitten.com/811/910
Justin Rasmussen,justinrasmussen23soc@vetias.ac.in,80CH2L=\,Sociology,2nd,https://placekitten.com/632/752
Megan Hubbard,meganhubbard23soc@vetias.ac.in,n@*W~lzF,Sociology,2nd,https://dummyimage.com/404x892
Sabrina Bryant,sabrinabryant22bba@vetias.ac.in,OM9xCEhx,BBA,3rd,https://dummyimage.com/444x220
Jennifer Johnson,jenniferjohnson22bba@vetias.ac.in,1o>qrh)F,BBA,3rd,https://placekitten.com/679/444
Justin Ruiz,justinruiz24soc@vetias.ac.in,"|,QXbEtU",Sociology,1st,https://dummyimage.com/595x903
Paul Romero,paulromero23aid@vetias.ac.in,c|Y@=/jl,AIDS,2nd,https://dummyimage.com/527x799
Luke Washington,lukewashington23aid@vetias.ac.in,:Zw)nI(a,AIDS,2nd,https://placekitten.com/189/319
Holly Holmes,hollyholmes24it@vetias.ac.in,)a51lhY/,IT,1st,https://picsum.photos/775/789
Tyler Mitchell,tylermitchell23aid@vetias.ac.in,J%YAfi/v,AIDS,2nd,https://dummyimage.com/285x307
James Lee Jr.,jamesleejr.23bco@vetias.ac.in,<(q'Fq01,BCom,2nd,https://placekitten.com/153/899
Jacob Stephenson,jacobstephenson24aid@vetias.ac.in,zL?f#[-M,AIDS,1st,https://placekitten.com/156/538
Rachel Green,rachelgreen23ca@vetias.ac.in,?0{*!28b,CA,2nd,https://picsum.photos/489/872
Robin Robinson,robinrobinson24it@vetias.ac.in,ETtB@I.|,IT,1st,https://dummyimage.com/789x806
Brian Miranda,brianmiranda24it@vetias.ac.in,38tmRce|,IT,1st,https://placekitten.com/545/104
Mark Powell,markpowell23bco@vetias.ac.in,2L@kaC1_,BCom,2nd,https://placekitten.com/651/656
Carla Wang,carlawang22soc@vetias.ac.in,Eda.4_9Q,Sociology,3rd,https://dummyimage.com/596x996
David Thompson,davidthompson24it@vetias.ac.in,|1K$*w4*,IT,1st,https://dummyimage.com/200x951
Mark Benson,markbenson23bco@vetias.ac.in,",Dj*I8Lv",BCom,2nd,https://dummyimage.com/34x402
Steven Moses,stevenmoses23bba@vetias.ac.in,wJNVyy|R,BBA,2nd,https://dummyimage.com/378x1016
Gerald Olson,geraldolson24bco@vetias.ac.in,"zq$`R|x""",BCom,1st,https://dummyimage.com/485x407
Casey Mcpherson,caseymcpherson23aid@vetias.ac.in,8i9h&oDn,AIDS,2nd,https://picsum.photos/253/63
Amy Lee,amylee22ca@vetias.ac.in,7%g>Qz]|,CA,3rd,https://dummyimage.com/520x373
Keith Scott,keithscott22aid@vetias.ac.in,rYHu:/DD,AIDS,3rd,https://picsum.photos/628/152
Denise Henderson,denisehenderson24ca@vetias.ac.in,F?{I6#GX,CA,1st,https://picsum.photos/1001/558
Dr. James Pacheco,dr.jamespacheco22aid@vetias.ac.in,E.IR&1$_,AIDS,3rd,https://dummyimage.com/60x816
Angel Black,angelblack23ca@vetias.ac.in,H+A$I*'g,CA,2nd,https://placekitten.com/830/508
Heather Foster,heatherfoster23bco@vetias.ac.in,3m')lnG.,BCom,2nd,https://picsum.photos/858/813
Roger Stokes,rogerstokes22aid@vetias.ac.in,_^_Uej&{,AIDS,3rd,https://picsum.photos/501/743
Eric Hodge,erichodge24it@vetias.ac.in,=5bx7TGL,IT,1st,https://picsum.photos/489/20
Jacqueline Ball,jacquelineball22it@vetias.ac.in,9RS?BI}H,IT,3rd,https://placekitten.com/741/909
Paula Green,paulagreen24ca@vetias.ac.in,zdtk*=Kp,CA,1st,https://dummyimage.com/858x749
James Booker,jamesbooker24it@vetias.ac.in,6L/*DXHh,IT,1st,https://placekitten.com/556/690
Jordan Lynch,jordanlynch24bba@vetias.ac.in,Oyw/TBMD,BBA,1st,https://placekitten.com/231/14
Cindy Melton,cindymelton23it@vetias.ac.in,>]IxNQBg,IT,2nd,https://picsum.photos/648/363
Michelle Mata,michellemata22bba@vetias.ac.in,aOb0W@W*,BBA,3rd,https://dummyimage.com/172x551
Kaitlyn Bryant,kaitlynbryant23it@vetias.ac.in,zNA?lcMN,IT,2nd,https://placekitten.com/974/1005
Jason Garza,jasongarza23aid@vetias.ac.in,Psts2s#Y,AIDS,2nd,https://dummyimage.com/864x940
Richard Beard,richardbeard24aid@vetias.ac.in,[!LU4X7',AIDS,1st,https://dummyimage.com/476x420
Richard Cameron,richardcameron22bco@vetias.ac.in,+[W6Kk4E,BCom,3rd,https://placekitten.com/27/25
Tanya Mclaughlin,tanyamclaughlin23ca@vetias.ac.in,~d`Hyzkg,CA,2nd,https://placekitten.com/733/74
Alexander Walters,alexanderwalters22it@vetias.ac.in,r{NO07MG,IT,3rd,https://dummyimage.com/122x881
Robert Richardson,robertrichardson23bba@vetias.ac.in,oa/5O*8!,BBA,2nd,https://dummyimage.com/76x334
Daniel Thomas,danielthomas23aid@vetias.ac.in,-s1XS.P),AIDS,2nd,https://dummyimage.com/901x521
Sheila Hammond MD,sheilahammondmd24bco@vetias.ac.in,quJE[i4j,BCom,1st,https://placekitten.com/994/619
Edward Ellis,edwardellis22bba@vetias.ac.in,&r~|rL98,BBA,3rd,https://picsum.photos/896/300
Deborah Hill MD,deborahhillmd24ca@vetias.ac.in,a;VCV78U,CA,1st,https://picsum.photos/958/775
Vanessa Ross,vanessaross24bba@vetias.ac.in,!v0g@R[p,BBA,1st,https://placekitten.com/422/122
Morgan Rodriguez,morganrodriguez22bco@vetias.ac.in,@q?L|%ec,BCom,3rd,https://placekitten.com/473/255
Victor Villarreal,victorvillarreal22ca@vetias.ac.in,j6bZMF7p,CA,3rd,https://picsum.photos/451/400
Alexandra Espinoza,alexandraespinoza23bco@vetias.ac.in,6-qH$;Pp,BCom,2nd,https://placekitten.com/890/333
Micheal Perry,michealperry24soc@vetias.ac.in,=9xcS$>J,Sociology,1st,https://dummyimage.com/653x677
Ronnie Thomas,ronniethomas22soc@vetias.ac.in,7i*-7oEH,Sociology,3rd,https://picsum.photos/721/811
Nicole Ward,nicoleward23it@vetias.ac.in,CW1#WD]7,IT,2nd,https://dummyimage.com/636x350
Roberto Walker,robertowalker23it@vetias.ac.in,I:]-[Sgg,IT,2nd,https://picsum.photos/701/467
Joshua Gordon,joshuagordon24bco@vetias.ac.in,"c""?"";C.>",BCom,1st,https://picsum.photos/557/954
Charles Santiago,charlessantiago23bba@vetias.ac.in,frs_TF'&,BBA,2nd,https://picsum.photos/413/999
Antonio Parker,antonioparker22bco@vetias.ac.in,"7"")=b];F",BCom,3rd,https://dummyimage.com/416x636
Bryan Black,bryanblack24bba@vetias.ac.in,"4{})l,Ef",BBA,1st,https://dummyimage.com/212x54
Brandon Thomas,brandonthomas22ca@vetias.ac.in,LzE-<tjw,CA,3rd,https://dummyimage.com/669x247
Michael Blevins,michaelblevins23ca@vetias.ac.in,!0W|N5{U,CA,2nd,https://picsum.photos/965/475
Michael Bruce,michaelbruce23it@vetias.ac.in,"k,SUP))i",IT,2nd,https://placekitten.com/418/19
Kevin Smith,kevinsmith23bco@vetias.ac.in,u^P)wkl0,BCom,2nd,https://picsum.photos/326/102
Jesus Johnson,jesusjohnson22it@vetias.ac.in,$1jBhWeN,IT,3rd,https://dummyimage.com/519x230
Parker Jarvis,parkerjarvis23aid@vetias.ac.in,v9zh7)@9,AIDS,2nd,https://placekitten.com/501/1012
Bobby Mays,bobbymays22soc@vetias.ac.in,jT;f#r^+,Sociology,3rd,https://dummyimage.com/861x166
Patrick Willis,patrickwillis22aid@vetias.ac.in,**#vbx.m,AIDS,3rd,https://picsum.photos/72/855
Carla Rasmussen,carlarasmussen23ca@vetias.ac.in,)S2P].?),CA,2nd,https://picsum.photos/936/564
Thomas Chapman,thomaschapman22aid@vetias.ac.in,7O;<I;OI,AIDS,3rd,https://placekitten.com/604/161
Brian Harris,brianharris23bba@vetias.ac.in,;DaCb`20,BBA,2nd,https://dummyimage.com/379x49
Roy Phillips,royphillips24bco@vetias.ac.in,@9^dVH>p,BCom,1st,https://picsum.photos/176/53
Dawn Roberson,dawnroberson24aid@vetias.ac.in,}L0Q|7{D,AIDS,1st,https://placekitten.com/630/157
Austin Scott,austinscott22aid@vetias.ac.in,$h-~/e>x,AIDS,3rd,https://dummyimage.com/284x426
Richard Clark,richardclark23aid@vetias.ac.in,dcE(-k7N,AIDS,2nd,https://picsum.photos/290/186
Yvonne Gonzalez,yvonnegonzalez23bco@vetias.ac.in,V60>$gdg,BCom,2nd,https://dummyimage.com/657x790
Christopher Mosley,christophermosley24aid@vetias.ac.in,"kRSW)eA""",AIDS,1st,https://picsum.photos/420/131
Kevin Williams,kevinwilliams23bba@vetias.ac.in,"]x""2K<(c",BBA,2nd,https://dummyimage.com/281x924
Pamela Grant,pamelagrant23it@vetias.ac.in,",=sA"".Bo",IT,2nd,https://dummyimage.com/281x941
Richard Harvey,richardharvey22soc@vetias.ac.in,?YA$1e4M,Sociology,3rd,https://placekitten.com/881/625
Gerald Jones,geraldjones22aid@vetias.ac.in,"2L""M'=;4",AIDS,3rd,https://picsum.photos/666/839
Michelle Davis,michelledavis22ca@vetias.ac.in,g0~#brVo,CA,3rd,https://placekitten.com/449/714
Ronald Parrish,ronaldparrish22ca@vetias.ac.in,|fJ(Ds*A,CA,3rd,https://picsum.photos/894/744
Kelly Cordova,kellycordova23bba@vetias.ac.in,k[:9Zd/I,BBA,2nd,https://picsum.photos/382/451
Crystal Rogers,crystalrogers23soc@vetias.ac.in,"R$Q&H^""A",Sociology,2nd,https://picsum.photos/804/138
Hannah Murphy,hannahmurphy23soc@vetias.ac.in,"uoo5,H%{",Sociology,2nd,https://dummyimage.com/57x725
Holly Russell,hollyrussell23aid@vetias.ac.in,zL^9=iyb,AIDS,2nd,https://placekitten.com/151/46
Gabriela Williams,gabrielawilliams22aid@vetias.ac.in,^/xwn7X0,AIDS,3rd,https://placekitten.com/508/106
Katrina Williams,katrinawilliams22ca@vetias.ac.in,JhKa}YOG,CA,3rd,https://dummyimage.com/745x748
Jason Lee,jasonlee24soc@vetias.ac.in,yk&~TSV2,Sociology,1st,https://picsum.photos/641/466
Kristopher Kennedy,kristopherkennedy23ca@vetias.ac.in,U[%;`2j2,CA,2nd,https://dummyimage.com/34x359
Sergio Rios,sergiorios22bba@vetias.ac.in,P<o>%)^f,BBA,3rd,https://picsum.photos/172/896
Nicole Thomas,nicolethomas22bba@vetias.ac.in,"Ca8&@*b,",BBA,3rd,https://picsum.photos/23/88
Kathryn Gomez,kathryngomez22bco@vetias.ac.in,UrT}DG]t,BCom,3rd,https://picsum.photos/883/992
Cindy Hernandez,cindyhernandez24bba@vetias.ac.in,1)yuY^Xa,BBA,1st,https://dummyimage.com/870x674
David Fletcher,davidfletcher22soc@vetias.ac.in,!l6kk}PN,Sociology,3rd,https://dummyimage.com/771x728
Stephen Wang,stephenwang24aid@vetias.ac.in,ziKjDkR$,AIDS,1st,https://dummyimage.com/924x780
John Butler,johnbutler23it@vetias.ac.in,Ilt?$<h;,IT,2nd,https://dummyimage.com/893x959
Antonio Taylor,antoniotaylor24bba@vetias.ac.in,V3Q)n2E!,BBA,1st,https://dummyimage.com/270x648
Bradley Elliott,bradleyelliott24bco@vetias.ac.in,:cWYGmTQ,BCom,1st,https://placekitten.com/558/171
Sierra Warren,sierrawarren24bba@vetias.ac.in,eE#ws.#N,BBA,1st,https://picsum.photos/750/387
Michael Johnston,michaeljohnston24ca@vetias.ac.in,"L~>.N""E=",CA,1st,https://placekitten.com/513/162
Jeremy Allen,jeremyallen22bco@vetias.ac.in,I)9|rWu},BCom,3rd,https://placekitten.com/946/908
Robert Hall,roberthall23soc@vetias.ac.in,4Ckm8Hj@,Sociology,2nd,https://placekitten.com/994/426
Walter Baker,walterbaker22bco@vetias.ac.in,;[1Q@D+@,BCom,3rd,https://placekitten.com/994/969
John Morales,johnmorales23it@vetias.ac.in,"Q\vN,oDC",IT,2nd,https://dummyimage.com/965x522
Nicholas Stevenson,nicholasstevenson22aid@vetias.ac.in,Tpt@(iu5,AIDS,3rd,https://dummyimage.com/283x634
Patrick Henderson,patrickhenderson23soc@vetias.ac.in,\r5:5Rc2,Sociology,2nd,https://picsum.photos/684/339
Thomas Casey,thomascasey23ca@vetias.ac.in,+U6<X]<T,CA,2nd,https://placekitten.com/446/225
Elizabeth Harris,elizabethharris24soc@vetias.ac.in,wiMobyXE,Sociology,1st,https://picsum.photos/639/894
William King,williamking23aid@vetias.ac.in,Kc-A\mXN,AIDS,2nd,https://picsum.photos/178/443
Ashley Lam,ashleylam22soc@vetias.ac.in,{I4qNo]T,Sociology,3rd,https://picsum.photos/82/475
Scott Sanchez,scottsanchez23aid@vetias.ac.in,*Jcv2.`>,AIDS,2nd,https://placekitten.com/745/505
Brandon Ho,brandonho22bco@vetias.ac.in,YEh>JmoS,BCom,3rd,https://picsum.photos/272/602
Roger Potter,rogerpotter24bco@vetias.ac.in,Th+/b[E!,BCom,1st,https://placekitten.com/1006/448
Lisa Carter,lisacarter22ca@vetias.ac.in,jaX|z?.O,CA,3rd,https://dummyimage.com/921x896
Brian Brady,brianbrady22bco@vetias.ac.in,7+@%%><>,BCom,3rd,https://picsum.photos/598/531
Richard Thomas,richardthomas24soc@vetias.ac.in,.-&;:Huh,Sociology,1st,https://dummyimage.com/216x179
Danielle Brown,daniellebrown24aid@vetias.ac.in,r7J$LN^2,AIDS,1st,https://placekitten.com/435/65
Karen Hodge,karenhodge23ca@vetias.ac.in,A-v%3OWb,CA,2nd,https://placekitten.com/860/735
Mitchell Curry,mitchellcurry24bba@vetias.ac.in,",F7/&*jn",BBA,1st,https://dummyimage.com/879x19
Derrick Williams,derrickwilliams22soc@vetias.ac.in,a??k~*`o,Sociology,3rd,https://dummyimage.com/495x476
Eric Estrada,ericestrada24it@vetias.ac.in,go<2?)uj,IT,1st,https://dummyimage.com/265x519
Cory Love,corylove24soc@vetias.ac.in,[OX{y58>,Sociology,1st,https://dummyimage.com/336x364
Taylor Bruce,taylorbruce23soc@vetias.ac.in,F|9yrz$q,Sociology,2nd,https://picsum.photos/262/607
Michael Burns,michaelburns24bco@vetias.ac.in,D$k%;?M9,BCom,1st,https://placekitten.com/4/693
Justin Hunter,justinhunter22bba@vetias.ac.in,GVrgaBkT,BBA,3rd,https://placekitten.com/413/985
Karen Perez,karenperez23it@vetias.ac.in,*m6|XCIx,IT,2nd,https://picsum.photos/608/944
Danielle Robinson,daniellerobinson24it@vetias.ac.in,i(w}!_2:,IT,1st,https://placekitten.com/597/891
Kathryn Stevens,kathrynstevens23bba@vetias.ac.in,}AOkxrZ|,BBA,2nd,https://placekitten.com/373/329
